igod_org_id,org_name,branch,state,name,designation,division,phones,office_address,email
3p8Len0BjXgo0VKujWP3,Ministry of Cooperation,ug,,Shri Amit Shah,Minister,,"20849035, 20849036","Atal Akshay Urja Bhawan, 8th Floor, CGO Complex, Lodhi Road, Behind NIA Building, New Delhi",pstohm-cm@gov.in
3p8Len0BjXgo0VKujWP3,Ministry of Cooperation,ug,,Shri Krishan Pal,Minister of State,,,"Atal Akshay Urja Bhawan, 8th Floor, CGO Complex, Lodhi Road, Behind NIA Building, New Delhi",
3p8Len0BjXgo0VKujWP3,Ministry of Cooperation,ug,,Shri Murlidhar Mohol,Minister of State,,,"Atal Akshay Urja Bhawan, 8th Floor, CGO Complex, Lodhi Road, Behind NIA Building, New Delhi",
3p8Len0BjXgo0VKujWP3,Ministry of Cooperation,ug,,Shri Ashish Kumar Bhutani,Secretary,,20849022,,secy-coop@gov.in
9AVrYoUBF92NGf8XaqwV,Campus Ambassador Programme (MyGov),ug,,Shri Ajit Kumar,CEO,MyGov,"011-24369222, 011-24301913",,compliance-officer@mygov.in
F84zv3QBGZk0jujBKgGW,Ministry of Coal,ug,,Shri G. Kishan Reddy,Minister,Ministry of Coal,"26773670, 26773672","Room No.: 4101-Zone-1, GPOA-3, Netaji Nagar, New Delhi -110023",
F84zv3QBGZk0jujBKgGW,Ministry of Coal,ug,,Shri Satish Chandra Dubey,Minister of State,Ministry of Coal,"20903147, 20903148","Room No.: 4201-Zone-2, GPOA-3, Netaji Nagar, New Delhi -110023",
F84zv3QBGZk0jujBKgGW,Ministry of Coal,ug,,Shri Vikram Dev Dutt,Secretary,Ministry of Coal,"20903121, 20903131","Room No.:3501-Zone-5, GPOA-3, Netaji Nagar, New Delhi -110023",secy.moc@nic.in
FM4zv3QBGZk0jujBKgGW,Ministry of Agriculture and Farmers Welfare,ug,,Shri Shivraj Singh Chouhan,Minister,Ministry of Agriculture & Farmers Welfare,"23383370, 23782691, 23794697","Room No- 120, Krishi Bhawan, New Delhi",agrimin.india@gmail.com
FM4zv3QBGZk0jujBKgGW,Ministry of Agriculture and Farmers Welfare,ug,,Shri Ram Nath Thakur,Minister of State,Ministry of Agriculture & Farmers Welfare,"23383975, 23383976","Room No- 322, Krishi Bhawan, New Delhi",
FM4zv3QBGZk0jujBKgGW,Ministry of Agriculture and Farmers Welfare,ug,,Shri Bhagirath Choudhary,Minister of State,Ministry of Agriculture & Farmers Welfare,"23782343, 23388165, 23015410","Room No- 199Q, Krishi Bhawan, New Delhi",
Fc4zv3QBGZk0jujBKgGW,Ministry of Chemicals and Fertilizers,ug,,Shri Jagat Prakash Nadda,Minister,Ministry of Chemicals and Fertilizers,"24014850, 24014781","Room No.: 23000G, 3rd floor, Kartavya Bhawan, New Delhi-110001",min-cnf@gov.in
Fc4zv3QBGZk0jujBKgGW,Ministry of Chemicals and Fertilizers,ug,,Smt. Anupriya Patel,Minister of State,Ministry of Chemicals and Fertilizers,"23381768, 23383686","Room No.: 303 A, A-wing, Shastri Bhawan, New Delhi-110001",mos-cf@gov.in
Fs4zv3QBGZk0jujBKgGW,Ministry of Civil Aviation,ug,,Shri Kinjarapu Rammohan Naidu,Minister,Ministry of Civil Aviation,"24610350, 24632991","Rajiv Gandhi Bhawan Block B, Jorbagh Safdarjung Airport Area, New Delhi - 110003",hm.moca@gov.in
Fs4zv3QBGZk0jujBKgGW,Ministry of Civil Aviation,ug,,Shri Murlidhar Mohol,Minister of State,Ministry of Civil Aviation,"24603846, 24626001","Rajiv Gandhi Bhawan Block B, Jorbagh Safdarjung Airport Area, New Delhi - 110003",mos.moca@gov.in
Fs4zv3QBGZk0jujBKgGW,Ministry of Civil Aviation,ug,,Shri Samir Kumar Sinha,Secretary,Ministry of Civil Aviation,24610368,"Rajiv Gandhi Bhawan Block B, Jorbagh Safdarjung Airport Area, New Delhi - 110003",secy.moca@nic.in
G84zv3QBGZk0jujBKgGW,Ministry of Corporate Affairs,ug,,Smt. Nirmala Sitharaman,Minister,Ministry of Corporate Affairs,24012101,,fmo@nic.in
G84zv3QBGZk0jujBKgGW,Ministry of Corporate Affairs,ug,,Shri Harsh Malhotra,Minister of State,Ministry of Corporate Affairs,"24014101, 24014102",,mos-mcas@gov.in
G84zv3QBGZk0jujBKgGW,Ministry of Corporate Affairs,ug,,Ms. Deepti Gaur Mukerjee,Secretary,Ministry of Corporate Affairs,"24014001, 24014002",,secy.mca@nic.in
GM4zv3QBGZk0jujBKgGW,Ministry of Commerce and Industry,ug,,Shri Piyush Goyal,Minister,Ministry of Commerce and Industry,"23039110, 23039111","Room No.: 501, Vanijya Bhawan, New Delhi - 110001",piyush.goyal@gov.in
GM4zv3QBGZk0jujBKgGW,Ministry of Commerce and Industry,ug,,Shri Jitin Prasada,Minister of State,Ministry of Commerce and Industry,"23039174, 23039184","Room No.: 513, Vanijya Bhawan, New Delhi - 110001",mos-ci@gov.in
Gc4zv3QBGZk0jujBKgGW,Ministry of Communications,ug,,Shri Jyotiraditya M. Scindia,Minister,Ministry of Communications,"23739191, 23710445","Room No.: 105, 1st Floor, Sanchar Bhawan, New Delhi 110001",moc-office@gov.in
Gc4zv3QBGZk0jujBKgGW,Ministry of Communications,ug,,Dr. Chandra Sekhar Pemmasani,Minister of State,Ministry of Communications,"23372414, 23372565","Room No.: 102, 1st Floor, Sanchar Bhawan, New Delhi 110001",mosc-office@gov.in
Gs4zv3QBGZk0jujBKgGW,"Ministry of Consumer Affairs, Food and Public Distribution",ug,,Shri Pralhad Joshi,Minister,"Ministry of Consumer Affairs, Food and Public Distribution","23070637, 23070642","Room No.: 179, Krishi Bhawan, New Delhi-110001",
Gs4zv3QBGZk0jujBKgGW,"Ministry of Consumer Affairs, Food and Public Distribution",ug,,Shri B. L. Verma,Minister of State,"Ministry of Consumer Affairs, Food and Public Distribution","23380630, 23380631","Room No.: 173, Krishi Bhawan, New Delhi-110001",
Gs4zv3QBGZk0jujBKgGW,"Ministry of Consumer Affairs, Food and Public Distribution",ug,,Smt. Nimuben Jayantibhai Bambhaniya,Minister of State,"Ministry of Consumer Affairs, Food and Public Distribution",,"Room No.: 196, Krishi Bhawan, New Delhi-110001",
H84zv3QBGZk0jujBKgGW,"Ministry of Environment, Forest and Climate Change",ug,,Shri Bhupender Yadav,Minister,"Ministry of Environment, Forest and Climate Change","011-20819190, 011-20819187, 011-23014243",,mefcc@gov.in
H84zv3QBGZk0jujBKgGW,"Ministry of Environment, Forest and Climate Change",ug,,Shri Kirtivardhan Singh,Minister of State,"Ministry of Environment, Forest and Climate Change","011-20819418, 011-20819421, 011-23794971",,
H84zv3QBGZk0jujBKgGW,"Ministry of Environment, Forest and Climate Change",ug,,Shri Tanmay Kumar,Secretary,"Ministry of Environment, Forest and Climate Change","011-20819308, 011-20819408",,secy-moef@nic.in
HM4zv3QBGZk0jujBKgGW,Ministry of Culture,ug,,Shri Gajendra Singh Shekhawat,Minister,Ministry of Culture,"24014301, 24014302","Room No.- 22106, Kartavya Bhawan - 2, New Delhi - 110001",gsingh.shekhawat@gov.in
HM4zv3QBGZk0jujBKgGW,Ministry of Culture,ug,,Rao Inderjit Singh,Minister of State,Ministry of Culture,"21402909, 23096561","Room No. 132, NITI Aayog, New Delhi-110001",mos-culture@gov.in
HM4zv3QBGZk0jujBKgGW,Ministry of Culture,ug,,Shri Vivek Aggarwal,Secretary,Ministry of Culture,"24014303, 24014304","Room No.- 22102, Kartavya Bhawan - 2, New Delhi - 110001",secy-culture@nic.in
Hc4zv3QBGZk0jujBKgGW,Ministry of Defence,ug,,Shri Raj Nath Singh,Minister,Ministry of Defence,"24014501, 24014502, 23793881","25075, 5th Floor, Kartavya Bhavan-2, New Delhi- 110001",rmo@mod.nic.in
Hc4zv3QBGZk0jujBKgGW,Ministry of Defence,ug,,Shri Sanjay Seth,Minister of State,Ministry of Defence,"24014508, 23310353","26107, 6th Floor, Kartavya Bhavan-2, New Delhi- 110001",mos-defence@gov.in
Hs4zv3QBGZk0jujBKgGW,Ministry of Earth Sciences,ug,,Dr. Jitendra Singh,Minister,Minister of State (Independent Charge),"24629788, 24629789","5th Floor, Prithvi Bhavan, Opp. India Habitat Centre, Lodhi Road, New Delhi - 110003",mos-stes@gov.in
Hs4zv3QBGZk0jujBKgGW,Ministry of Earth Sciences,ug,,Ms. N. Kalaiselvi,Secretary,Ministry of Earth Sciences,"011-24629771, 011-24629772","Room No.: 108, Prithvi Bhavan, Opp. India Habitat Centre, Lodhi Road, New Delhi - 110003",secretary@moes.gov.in
I84zv3QBGZk0jujBKgGW,Ministry of Health and Family Welfare,ug,,Shri Jagat Prakash Nadda,Minister,Ministry of Health and Family Welfare,"24013301, 24013302","Room No. 12107 C- Wing, Kartavya Bhawan -1, New Delhi -110001",min-hfm@gov.in
I84zv3QBGZk0jujBKgGW,Ministry of Health and Family Welfare,ug,,Shri Jadhav Prataprao Ganpatrao,Minister of State,Ministry of Health and Family Welfare,24013380,"Room No. 12042 A-Wing, , Kartavya Bhawan -1, New Delhi -110001",mos-health@gov.in
I84zv3QBGZk0jujBKgGW,Ministry of Health and Family Welfare,ug,,Smt. Anupriya Patel,Minister of State,Ministry of Health and Family Welfare,"24013239, 24013240","Room No. 12026 A- Wing, Kartavya Bhawan -1, New Delhi -110001",mosap-mohfw@gov.in
IM4zv3QBGZk0jujBKgGW,Ministry of External Affairs,ug,,Dr. Subrahmanyam Jaishankar,Minister,Ministry of External Affairs,"23011127, 23011165",,eam@mea.gov.in
IM4zv3QBGZk0jujBKgGW,Ministry of External Affairs,ug,,Shri Kirtivardhan Singh,Minister of State,Ministry of External Affairs,"23011141, 23014070",,mosvmo@mea.gov.in
IM4zv3QBGZk0jujBKgGW,Ministry of External Affairs,ug,,Shri Pabitra Margherita,Minister of State,Ministry of External Affairs,"23086789, 23017763",,mos.pm@mea.gov.in
IM4zv3QBGZk0jujBKgGW,Ministry of External Affairs,ug,,Shri Vikram Misri,Foreign Secretary,Ministry of External Affairs,"23012318, 23012196",,psfs@mea.gov.in
Ic4zv3QBGZk0jujBKgGW,Ministry of Finance,ug,,Smt. Nirmala Sitharaman,Minister,Ministry of Finance,"011-24012101, 011-24012102","Room No. 15075, Kartavya Bhawan - I, New Delhi",appointment.fm@gov.in
Ic4zv3QBGZk0jujBKgGW,Ministry of Finance,ug,,Shri Pankaj Chaowdhary,Minister of State,Ministry of Finance,"011-24012401, 011-24012402","Room No. 16042, Kartavya Bhawan - I, New Delhi",mosfinance@nic.in
Ic4zv3QBGZk0jujBKgGW,Ministry of Finance,ug,,Shri V. Vualnam,Finance Secretary,Ministry of Finance,"011-24012000, 011-24012001","Room No. 16102, Kartavya Bhawan - I, New Delhi",secyexp@nic.in
Is4zv3QBGZk0jujBKgGW,Ministry of Food Processing Industries,ug,,Shri Chirag Paswan,Minister,Ministry of Food Processing Industries,"26493889, 26493890","Minister Chamber, Panchsheel Bhawan, August Kranti Marg Khelgaon, New Delhi-110049",minister.fpi@nic.in
Is4zv3QBGZk0jujBKgGW,Ministry of Food Processing Industries,ug,,Shri Ravneet Singh,Minister of State,Ministry of Food Processing Industries,"26491254, 26491256","MOS Chamber, Panchsheel Bhawan, August Kranti Marg Khelgaon, New Delhi-110049",mos-fpi@nic.in
Is4zv3QBGZk0jujBKgGW,Ministry of Food Processing Industries,ug,,Shri A. P. Das Joshi,Secretary,Ministry of Food Processing Industries,"26493225, 26492431","Room No.: 201, Panchsheel Bhawan, August Kranti Marg Khelgaon, New Delhi-110049",secy.mofpi@nic.in
J84zv3QBGZk0jujBKgGW,Ministry of Education,ug,,Shri Pralhad Joshi,Minister,Ministry of Education,"011-24015222, 011-24015290","Room No. 21107, Kartavya Bhawan 2, Central Secretariat, New Delhi-110001",minister.sm@gov.in
J84zv3QBGZk0jujBKgGW,Ministry of Education,ug,,Shri Jayant Chaudhary,Minister of State,Ministry of Education,"011-24015042, 011-24015043","Room No. 21042, Kartavya Bhawan 2, Central Secretariat, New Delhi-110001",mosedu-jc@gov.in
J84zv3QBGZk0jujBKgGW,Ministry of Education,ug,,Shri Sukanta Majumdar,Minister of State,Ministry of Education,"011-24015026, 011-24015028","Room No. 21026, Kartavya Bhawan 2, Central Secretariat, New Delhi-110001",mosedu-sm@gov.in
JM4zv3QBGZk0jujBKgGW,Ministry of Heavy Industries,ug,,Shri H. D. Kumaraswamy,Minister,Ministry of Heavy Industries and Public Enterprises,"23063598, 23061339","Room No. 176, Udyog Bhawan, New Delhi",
JM4zv3QBGZk0jujBKgGW,Ministry of Heavy Industries,ug,,Shri Bhupathi Raju Srinivasa Varma,Minister of State,Ministry of Heavy Industries and Public Enterprises,"23062676, 23062678","Room No. 36, Udyog Bhawan, New Delhi",
JM4zv3QBGZk0jujBKgGW,Ministry of Heavy Industries,ug,,Shri Kamran Rizvi,Secretary,Ministry of Heavy Industries and Public Enterprises,"23063633, 23061854","Room No. 155, Udyog Bhawan, New Delhi",shioff@nic.in
Jc4zv3QBGZk0jujBKgGW,Ministry of Home Affairs,ug,,Shri Amit Shah,Minister,Ministry of Home Affairs,"23092462, 23094686","Room No.: 104, North Block, New Delhi - 110001",
Jc4zv3QBGZk0jujBKgGW,Ministry of Home Affairs,ug,,Shri Nityanand Rai,Minister of State,Ministry of Home Affairs,"23092870, 23092595","Room No.: 101, North Block, New Delhi - 110001",
Jc4zv3QBGZk0jujBKgGW,Ministry of Home Affairs,ug,,Shri Bandi Sanjay Kumar,Minister of State,Ministry of Home Affairs,"23092073, 23094054","Room No.: 127, North Block, New Delhi - 110001",
Js4zv3QBGZk0jujBKgGW,Ministry of Housing and Urban Affairs,ug,,Shri Manohar Lal,Minister,Ministry of Housing and Urban Affairs,"011-23783001, 011-23783002","Room No.: 716, Sankalp Bhawan, GPOA-2, Pt. Ravi Shankar Shukla Lane, New Delhi-110001",minister-mohua@nic.in
Js4zv3QBGZk0jujBKgGW,Ministry of Housing and Urban Affairs,ug,,Shri Tokhan Sahu,Minister of State,Ministry of Housing and Urban Affairs,"011-23783006, 011-23783007","Room No.: 117, Sankalp Bhawan, GPOA-2, Pt. Ravi Shankar Shukla Lane, New Delhi-110001",sahu.tokhan@gov.in
Js4zv3QBGZk0jujBKgGW,Ministry of Housing and Urban Affairs,ug,,Shri Katikithala Srinivas,Secretary,Ministry of Housing and Urban Affairs,"011-23783010, 011-23783011","Room No.: 919, Sankalp Bhawan, GPOA-2, Pt. Ravi Shankar Shukla Lane, New Delhi-110001",secyurban@nic.in
K84zv3QBGZk0jujBKgGW,Ministry of Mines,ug,,Shri G. Kishan Reddy,Minister,Ministry of Mines,"011-26773670, 011-26773671","Room No: 4101, GPOA-3, Netaji Nagar, Bhikaji Cama Place, New Delhi",minister.mines@gov.in
K84zv3QBGZk0jujBKgGW,Ministry of Mines,ug,,Shri Satish Chandra Dubey,Minister of State,Ministry of Mines,"011-26773878, 011-23070522","Room No: 4201, GPOA-3, Netaji Nagar, Bhikaji Cama Place, New Delhi",mos-mines@gov.in
K84zv3QBGZk0jujBKgGW,Ministry of Mines,ug,,Shri Piyush Goyal,Secretary,Ministry of Mines,011-26773601,"Room No: 4501, GPOA-3, Netaji Nagar, Bhikaji Cama Place, New Delhi",secy-mines@nic.in
K9LWHHUBGGphvn7wG-2q,".IN Registry, National Internet eXchange of India (NIXI)",ug,,Shri Anil Kumar Jain,CEO,National Internet Exchange of India (NIXI),011-48202000,,ceo@nixi.in
KM4zv3QBGZk0jujBKgGW,Ministry of Information and Broadcasting,ug,,Shri Ashwini Vaishnaw,Minister,Ministry of Information and Broadcasting,,"Ministry of Information and Broadcasting, Government of India, Room No.: 23072, Kartavya Bhawan 2, New Delhi-110 001",minister.inb@gov.in
KM4zv3QBGZk0jujBKgGW,Ministry of Information and Broadcasting,ug,,Dr. L. Murugan,Minister of State,Ministry of Information and Broadcasting,,"Ministry of Information and Broadcasting, Government of India, Room No.: 23102, Kartavya Bhawan 2, New Delhi-110 001",mos-moib@gov.in
KM4zv3QBGZk0jujBKgGW,Ministry of Information and Broadcasting,ug,,Shri Chanchal Kumar,Secretary,Ministry of Information and Broadcasting,011-24015801,"Ministry of Information and Broadcasting, Government of India, Room No.: 22042, Kartavya Bhawan 2, New Delhi-110 001",secy.inb@nic.in
Kc4zv3QBGZk0jujBKgGW,Ministry of Labour and Employment,ug,,Dr. Mansukh Mandaviya,Minister,Ministry of Labour and Employment,"011-23717515, 011-23710240","Room No.: 120, Shram Shakti Bhawan, Rafi marg New Delhi-110001",minoffice-mole@nic.in
Kc4zv3QBGZk0jujBKgGW,Ministry of Labour and Employment,ug,,Sushri Shobha Karandlaje,Minister of State,Ministry of Labour and Employment,011-23720013,"Room No.: 112, Shram Shakti Bhawan, Rafi marg New Delhi-110001",
Kc4zv3QBGZk0jujBKgGW,Ministry of Labour and Employment,ug,,Ms. Vandana Gurnani,Secretary,Ministry of Labour and Employment,011-23710265,"Room No.: 104, Shram Shakti Bhawan, Rafi marg New Delhi-110001",secy-labour@nic.in
Ks4zv3QBGZk0jujBKgGW,Ministry of Law and Justice,ug,,Shri Arjun Ram Meghwal,Minister of State (Independent Charge),Ministry of Law and Justice,011-23386974,"Room No. 24107, 4th Floor, Kartavya Bhawan-II, New Delhi-110001",mljoffice@gov.in
L84zv3QBGZk0jujBKgGW,Ministry of Parliamentary Affairs,ug,,Shri Kiren Rijiju,Minister,Ministry of Parliamentary Affairs,"011-23083920, 011-23018729","Room No. G60 & G61, Ground Floor, Parliament House, New Delhi",minister-mopa@gov.in
L84zv3QBGZk0jujBKgGW,Ministry of Parliamentary Affairs,ug,,Shri Arjun Ram Meghwal,Minister of State,Ministry of Parliamentary Affairs,"011-23083523, 011-23083607, 011-23011770","Room No. F48, First Floor, Parliament House, New Delhi",ar.meghwal@sansad.nic.in
L84zv3QBGZk0jujBKgGW,Ministry of Parliamentary Affairs,ug,,Dr. L. Murugan,Minister of State,Ministry of Parliamentary Affairs,"011-23083942, 011-23083943","Room No. F40, First Floor, Parliament House, New Delhi",mos-rsmpa@gov.in
L84zv3QBGZk0jujBKgGW,Ministry of Parliamentary Affairs,ug,,Shri Nikunja Bihari Dhal,Secretary,Ministry of Parliamentary Affairs,"011-23083855, 011-23083856","Room No. G62, Ground Floor, Parliament House, New Delhi",secympa@nic.in
LKNfInUBxrox_NfiSIBI,Department of Fisheries,ug,,Shri Rajiv Ranjan Singh alias Lalan Singh,Minister,"Ministry of Fisheries, Animal Husbandry and Dairying","23380780, 23380781","Room No.: 234, Krishi Bhawan, New Delhi",rrsingh@sansad.nic.in
LKNfInUBxrox_NfiSIBI,Department of Fisheries,ug,,Prof. S. P. Singh Baghel,Minister of State,"Ministry of Fisheries, Animal Husbandry and Dairying","23782143, 23782548","Room No.: 392, E WING, 3rd Floor, Krishi Bhawan, New Delhi",mos-fahd@dahd.nic.in
LKNfInUBxrox_NfiSIBI,Department of Fisheries,ug,,Shri Abhilaksh Likhi,Secretary,Secretary Office,23381994,"Room No.: 220, Krishi Bhavan, New Delhi",secy-fisheries@gov.in
LM4zv3QBGZk0jujBKgGW,Ministry of Minority Affairs,ug,,Shri Kiren Rijiju,Minister,Ministry of Minority Affairs,"24360585, 24360586","Room No.: 101, Pt. Deendayal Antyodaya Bhawan, New Delhi-110003",minister-moma@nic.in
LM4zv3QBGZk0jujBKgGW,Ministry of Minority Affairs,ug,,Shri Srivatsa Krishna,Secretary,Ministry of Minority Affairs,24364272,"Room No.: 1110, Pt. Deendayal Antyodaya Bhawan, New Delhi-110003",secy-mma@nic.in
Lc4zv3QBGZk0jujBKgGW,Ministry of New and Renewable Energy,ug,,Shri Pralhad Joshi,Minister,Ministry of New and Renewable Energy,,,minister.mnre@gov.in
Lc4zv3QBGZk0jujBKgGW,Ministry of New and Renewable Energy,ug,,Shri Shripad Yesso Naik,Minister of State,Ministry of New and Renewable Energy,,,mos-mnre@gov.in
Lc4zv3QBGZk0jujBKgGW,Ministry of New and Renewable Energy,ug,,Shri Santosh Kumar Sarangi,Secretary,Ministry of New and Renewable Energy,20849010,,secy-mnre@nic.in
Ls4zv3QBGZk0jujBKgGW,Ministry of Panchayati Raj,ug,,Shri Rajiv Ranjan Singh alias Lalan Singh,Minister,Ministry of Panchayati Raj,"23380780, 23380781",,min-mopr@gov.in
Ls4zv3QBGZk0jujBKgGW,Ministry of Panchayati Raj,ug,,Prof. S. P. Singh Baghel,Minister of State,Ministry of Panchayati Raj,"23782143, 23782518",,mos-mopr@gov.in
Ls4zv3QBGZk0jujBKgGW,Ministry of Panchayati Raj,ug,,Shri Vivek Bhardwaj,Secretary,Ministry of Panchayati Raj,23389008,,secy-mopr@nic.in
M84zv3QBGZk0jujBKgGW,Ministry of Railways,ug,,Shri Ashwini Vaishnaw,Minister,Ministry of Railways,"23386645, 23017061",,officeofmr@gov.in
M84zv3QBGZk0jujBKgGW,Ministry of Railways,ug,,Shri V. Somanna,Minister of State,Ministry of Railways,,,
M84zv3QBGZk0jujBKgGW,Ministry of Railways,ug,,Shri Ravneet Singh,Minister of State,Ministry of Railways,,,
MM4zv3QBGZk0jujBKgGW,"Ministry of Personnel, Public Grievances and Pensions",ug,,Shri Narendra Modi,Prime Minister,"Ministry of Personnel, Public Grievances and Pensions",,,
MM4zv3QBGZk0jujBKgGW,"Ministry of Personnel, Public Grievances and Pensions",ug,,Dr. Jitendra Singh,Minister of State,"Ministry of Personnel, Public Grievances and Pensions",24010700,"Room No.: 31026, Kartavya Bhavan-03, New Delhi - 110001",mos-pp@nic.in
Mc4zv3QBGZk0jujBKgGW,Ministry of Petroleum and Natural Gas,ug,,Shri Hardeep Singh Puri,Minister,Ministry of Petroleum and Natural Gas,24011101,"Room No.: 31109, Kartavya Bhawan - 03, Janpath Road, New Delhi - 110001",min.png@nic.in
Mc4zv3QBGZk0jujBKgGW,Ministry of Petroleum and Natural Gas,ug,,Shri Suresh Gopi,Minister of State,Ministry of Petroleum and Natural Gas,24011113,"Room No.: 31074, Kartavya Bhawan - 03, Janpath Road, New Delhi - 110001",
Mc4zv3QBGZk0jujBKgGW,Ministry of Petroleum and Natural Gas,ug,,Shri Neeraj Mittal,Secretary,Ministry of Petroleum and Natural Gas,24011201,"Room No.: 31104, Kartavya Bhawan - 03, Janpath Road, New Delhi - 110001",sec.png@nic.in
Ms4zv3QBGZk0jujBKgGW,Ministry of Power,ug,,Shri Manohar Lal,Minister,Ministry of Power,"23717474, 23710411",,
Ms4zv3QBGZk0jujBKgGW,Ministry of Power,ug,,Shri Shripad Yesso Naik,Minister of State,Ministry of Power,"23720450, 23720451",,
Ms4zv3QBGZk0jujBKgGW,Ministry of Power,ug,,Shri Pankaj Agarwal,Secretary,Ministry of Power,23721487,,secy-power@nic.in
NM4zv3QBGZk0jujBKgGW,Ministry of Rural Development,ug,,Shri Shivraj Singh Chouhan,Minister,Ministry of Rural Development,"23782327, 23782373","Krishi Bhawan, New Delhi",minister.rd@gov.in
NM4zv3QBGZk0jujBKgGW,Ministry of Rural Development,ug,,Dr. Chandra Sekhar Pemmasani,Minister of State,Ministry of Rural Development,"23372414, 23372565","Sanchar Bhawan, New Delhi",mosc-office@gov.in
NM4zv3QBGZk0jujBKgGW,Ministry of Rural Development,ug,,Shri Kamlesh Paswan,Minister of State,Ministry of Rural Development,"24105585, 23388859","Krishi Bhawan, New Delhi",mosoffice-rd@gov.in
Nc4zv3QBGZk0jujBKgGW,Ministry of Science and Technology,ug,,Dr. Jitendra Singh,Minister of State (Independent Charge),Ministry of Science and Technology,"23316745, 24629788",,mos-stes@gov.in
Ns4zv3QBGZk0jujBKgGW,Ministry of Road Transport and Highways,ug,,Shri Nitin Jairam Gadkari,Minister,Ministry of Road Transport and Highways,23719023,"Room No.: 501, Transport Bhawan, 1, Parliament Street, New Delhi-110001",nitin.gadkari@nic.in
Ns4zv3QBGZk0jujBKgGW,Ministry of Road Transport and Highways,ug,,Shri Ajay Tamta,Minister of State,Ministry of Road Transport and Highways,23718568,"Room No.: 310, Transport Bhawan, 1, Parliament Street, New Delhi-110001",ajay-tamta@gov.in
Ns4zv3QBGZk0jujBKgGW,Ministry of Road Transport and Highways,ug,,Shri Harsh Malhotra,Minister of State,Ministry of Road Transport and Highways,23352204,"Room No.: 214, Transport Bhawan, 1, Parliament Street, New Delhi-110001",harshdeep.malhotra@gov.in
Ns4zv3QBGZk0jujBKgGW,Ministry of Road Transport and Highways,ug,,Shri V. Umashankar,Secretary,Ministry of Road Transport and Highways,23714104,"Room No.: 509, Transport Bhawan, 1, Parliament Street, New Delhi-110001",secy-road@nic.in
O84zv3QBGZk0jujBKgGW,Ministry of Textiles,ug,,Shri Giriraj Singh,Minister,Ministry of Textiles,"20903582, 26113121","Room No. 5605, 5th Floor, GPOA-3, Netaji Nagar, New Delhi–110023",minister.textiles@gov.in
O84zv3QBGZk0jujBKgGW,Ministry of Textiles,ug,,Shri Pabitra Margherita,Minister of State,Ministry of Textiles,011-20903779,"Room No. 5501, 5th Floor, GPOA-3, Netaji Nagar, New Delhi–110023",mos-textiles@gov.in
O84zv3QBGZk0jujBKgGW,Ministry of Textiles,ug,,Ms. Neelam Shami Rao,Secretary,Ministry of Textiles,23061769,"Room No. 5201, 5th Floor, GPOA-3, Netaji Nagar, New Delhi–110023",secy-textiles@nic.in
Oc4zv3QBGZk0jujBKgGW,Ministry of Statistics and Programme Implementation,ug,,Shri Rao Inderjit Singh,Minister of State (Independent Charge),Ministry of Statistics and Programme Implementation,"23340884, 23367245, 24643265","No. 6, Lodhi Estate, New Delhi - 110011",minister.spi@nic.in
Oc4zv3QBGZk0jujBKgGW,Ministry of Statistics and Programme Implementation,ug,,Shri Saurabh Garg,Secretary,Ministry of Statistics and Programme Implementation,"23742150, 23344689","Room No.-204, Khurshid Lal Bhawan, Janpath, New Delhi,110001",secretary@mospi.gov.in
Os4zv3QBGZk0jujBKgGW,Ministry of Steel,ug,,Shri H. D. Kumaraswamy,Minister,Ministry of Steel,26111395,"Room No. 3605, 3rd Floor, GPOA - 3, Netaji Nagar, New Delhi - 110023",minister.steel@nic.in
Os4zv3QBGZk0jujBKgGW,Ministry of Steel,ug,,Shri Bhupathi Raju Srinivasa Varma,Minister of State,Ministry of Steel,"23063810, 24102703","Room No. 3101, 3rd Floor, GPOA - 3, Netaji Nagar, New Delhi - 110023",mos-steel@gov.in
Os4zv3QBGZk0jujBKgGW,Ministry of Steel,ug,,Shri Sandeep Poundrik,Secretary,Ministry of Steel,"23063489, 24673912","Room No. 3201, 3rd Floor, GPOA - 3, Netaji Nagar, New Delhi - 110023",secy-steel@nic.in
P84zv3QBGZk0jujBKgGW,Ministry of Women and Child Development,ug,,Smt. Annpurna Devi,Minister,Ministry of Women and Child Development,"23071331, 23071332","Room No.: 6605, GPOA 3 Netaji Nagar, Bhikaji Cama Place, New Delhi - 110023",min-wcd@gov.in
P84zv3QBGZk0jujBKgGW,Ministry of Women and Child Development,ug,,Smt. Savitri Thakur,Minister of State,Ministry of Women and Child Development,"23382361, 23382363","Room No.: 7101, GPOA 3 Netaji Nagar, Bhikaji Cama Place, New Delhi - 110023",mos-wcd@gov.in
P84zv3QBGZk0jujBKgGW,Ministry of Women and Child Development,ug,,Shri Anil Malik,Secretary,Ministry of Women and Child Development,"23383586, 23386731","Room No.: 6501, GPOA 3 Netaji Nagar, Bhikaji Cama Place, New Delhi - 110023",secy.wcd@gov.in
P9e83XQBYNG-XPnvjOsx,Department of Agricultural Research and Education,ug,,Shri Shivraj Singh Chouhan,Minister,Ministry of Agriculture & Farmers Welfare,"23383370, 23782691, 23794697","Room No- 120, Krishi Bhawan, New Delhi",agrimin.india@gmail.com
P9e83XQBYNG-XPnvjOsx,Department of Agricultural Research and Education,ug,,Shri Ram Nath Thakur,Minister of State,Ministry of Agriculture & Farmers Welfare,"23383975, 23383976","Room No- 322, Krishi Bhawan, New Delhi",
P9e83XQBYNG-XPnvjOsx,Department of Agricultural Research and Education,ug,,Shri Bhagirath Choudhary,Minister of State,Ministry of Agriculture & Farmers Welfare,"23782343, 23388165, 23015410","Room No- 199Q, Krishi Bhawan, New Delhi",
P9e83XQBYNG-XPnvjOsx,Department of Agricultural Research and Education,ug,,Shri Mangi Lal Jat,Secretary,Department of Agricultural Research and Education,"23382629, 23386711, 25843190","Room No- 105, Krishi Bhawan, New Delhi",dg.icar@nic.in
PM4zv3QBGZk0jujBKgGW,Ministry of Tourism,ug,,Shri Gajendra Singh Shekhawat,Minister,Ministry of Tourism,"23718310, 23717969","Room No. 301, 3rd Floor, Transport Bhawan, Parliament Street, New Delhi - 110001",g.shekhawat@sansad.nic.in
PM4zv3QBGZk0jujBKgGW,Ministry of Tourism,ug,,Shri Suresh Gopi,Minister of State,Ministry of Tourism,"23724161, 23715717","3rd Floor, PTI Building , Parliament Street, New Delhi , 110001",mos-tourism@gov.in
PM4zv3QBGZk0jujBKgGW,Ministry of Tourism,ug,,Shri Bhuvnesh Kumar,Secretary,Ministry of Tourism,"23711792, 23321395","Room No. 109, Transport Bhawan, 1 Parliament Street, New Delhi - 110011",secretary-tourism@gov.in
Pc4zv3QBGZk0jujBKgGW,Ministry of Tribal Affairs,ug,,Shri Jual Oram,Minister,Ministry of Tribal Affairs,"24013782, 24013783","Room No. : 13107, Kartavya Path, Rajpath Area, Central Secretariat, Kartavya Bhawan- 01, New Delhi-110001",jual.oram@gov.in
Pc4zv3QBGZk0jujBKgGW,Ministry of Tribal Affairs,ug,,Shri Durgadas Uikey,Minister of State,Ministry of Tribal Affairs,"24013784, 24013785","Room No. : 13072, Kartavya Path, Rajpath Area, Central Secretariat, Kartavya Bhawan- 01, New Delhi-110001",mos-tribalaffairs@gov.in
Pc4zv3QBGZk0jujBKgGW,Ministry of Tribal Affairs,ug,,Ms. Ranjana Chopra,Secretary,Ministry of Tribal Affairs,"24013700, 24013701","Room No. : 13099-102, Kartavya Path, Rajpath Area, Central Secretariat, Kartavya Bhawan- 01, New Delhi-110001",secy-tribal@nic.in
Q84zv3QBGZk0jujBKgGW,Ministry of Development of North Eastern Region,ug,,Shri Jyotiraditya M. Scindia,Minister,Ministry of Development of North Eastern Region,"21411729, 23739191","Jodhpur Officers Hostel, Block-11, Room No-1, C-Hexagaon, India Gate Circle, Pandara Park, New Delhi-110003",min-mdoner@gov.in
Q84zv3QBGZk0jujBKgGW,Ministry of Development of North Eastern Region,ug,,Shri Sukanta Majumdar,Minister of State,Ministry of Development of North Eastern Region,21410716,"Jodhpur Officers Hostel, Block-12A, Room No-1, C-Hexagaon, India Gate Circle, Pandara Park, New Delhi-110003",sukanta.majumdar@sansad.nic.in
Q84zv3QBGZk0jujBKgGW,Ministry of Development of North Eastern Region,ug,,Ms. Nivedita Shukla Verma,Secretary,Ministry of Development of North Eastern Region,21411140,"Jodhpur Officers Hostel, Block-10, Room No-7, C-Hexagaon, India Gate Circle, Pandara Park, New Delhi-110003",secydoner@nic.in
Q9e83XQBYNG-XPnvjOsx,Department of Pharmaceuticals,ug,,Shri Jagat Prakash Nadda,Minister,Ministry of Chemicals and Fertilizers,"24014850, 24014781","Room No.: 23000G, 3rd floor, Kartavya Bhawan, New Delhi-110001",min-cnf@gov.in
Q9e83XQBYNG-XPnvjOsx,Department of Pharmaceuticals,ug,,Smt. Anupriya Patel,Minister of State,Ministry of Chemicals and Fertilizers,"23381768, 23383686","Room No.: 303 A, A-wing, Shastri Bhawan, New Delhi-110001",mos-cf@gov.in
Q9e83XQBYNG-XPnvjOsx,Department of Pharmaceuticals,ug,,Shri Manoj Joshi,Secretary,Pharmaceuticals,"24016301, 24016302","Room No.: 22027, 2nd Floor, Kartavya Bhawan-02, New Delhi - 110001",secretary@pharma-dept.gov.in
QAWg4YgBF92NGf8XN8qA,9 Years of Government,ug,,Shri Nand Kumarum,CEO,MyGov,"011-24369222, 011-24301913",,compliance-officer@mygov.in
QM4zv3QBGZk0jujBKgGW,Ministry of Youth Affairs and Sports,ug,,Dr. Mansukh Mandaviya,Minister,Ministry of Youth Affairs and Sports,"26116520, 24671185","Room no. 8101, 8th Floor, Zone-1, GPOA-3, Netaji Nagar, Africa Avenue Road, New Delhi-110023",office-moyas@gov.in
QM4zv3QBGZk0jujBKgGW,Ministry of Youth Affairs and Sports,ug,,Smt. Raksha Nikhil Khadse,Minister of State,Ministry of Youth Affairs and Sports,26111688,"Room No. 7605, 7th Floor, Zone-6, GPOA-3, Netaji Nagar, Africa Avenue Road, New Delhi, 110023",mos-yas21@gov.in
QNe83XQBYNG-XPnvjOsx,Department of Agriculture and Farmers Welfare,ug,,Shri Shivraj Singh Chouhan,Minister,Ministry of Agriculture & Farmers Welfare,"23383370, 23782691, 23794697","Room No- 120, Krishi Bhawan, New Delhi",agrimin.india@gmail.com
QNe83XQBYNG-XPnvjOsx,Department of Agriculture and Farmers Welfare,ug,,Shri Ram Nath Thakur,Minister of State,Ministry of Agriculture & Farmers Welfare,"23383975, 23383976","Room No- 322, Krishi Bhawan, New Delhi",
QNe83XQBYNG-XPnvjOsx,Department of Agriculture and Farmers Welfare,ug,,Shri Bhagirath Choudhary,Minister of State,Ministry of Agriculture & Farmers Welfare,"23782343, 23388165, 23015410","Room No- 199Q, Krishi Bhawan, New Delhi",
QNe83XQBYNG-XPnvjOsx,Department of Agriculture and Farmers Welfare,ug,,Shri Atish Chandra,Secretary,Ministry of Agriculture & Farmers Welfare,"23382651, 23388444, 26111264","Room No- 115, Krishi Bhawan, New Delhi",secy-agri@gov.in
Qc4zv3QBGZk0jujBKgGW,Department of Atomic Energy,ug,,Shri Narendra Modi,Prime Minister,Department of Atomic Energy,,,
Qc4zv3QBGZk0jujBKgGW,Department of Atomic Energy,ug,,Dr. Jitendra Singh,Minister of State,Department of Atomic Energy,,,
Qc4zv3QBGZk0jujBKgGW,Department of Atomic Energy,ug,,Shri Ajit K. Mohanty,Secretary,,22022543,,chairman@dae.gov.in
Qde83XQBYNG-XPnvjOsx,Department of Chemicals and Petro-Chemicals,ug,,Shri Jagat Prakash Nadda,Minister,Ministry of Chemicals and Fertilizers,"24014850, 24014781","Room No.: 23000G, 3rd floor, Kartavya Bhawan, New Delhi-110001",min-cnf@gov.in
Qde83XQBYNG-XPnvjOsx,Department of Chemicals and Petro-Chemicals,ug,,Smt. Anupriya Patel,Minister of State,Ministry of Chemicals and Fertilizers,"23381768, 23383686","Room No.: 303 A, A-wing, Shastri Bhawan, New Delhi-110001",mos-cf@gov.in
Qde83XQBYNG-XPnvjOsx,Department of Chemicals and Petro-Chemicals,ug,,Shri Tejveer Singh,Secretary,Chemicals & Petrochemicals,24015632,"Room No.: 23042, 3rd floor, Kartavya Bhawan, New Delhi-110001",sec.cpc@nic.in
Qs4zv3QBGZk0jujBKgGW,Department of Space,ug,,Shri Narendra Modi,Prime Minister,Department of Space,,,
Qs4zv3QBGZk0jujBKgGW,Department of Space,ug,,Dr. Jitendra Singh,Minister of State,Department of Space,,,
Qs4zv3QBGZk0jujBKgGW,Department of Space,ug,,Dr. V. Narayanan,Secretary,Department of Space,,,
Qte83XQBYNG-XPnvjOsx,Department of Fertilizers,ug,,Shri Jagat Prakash Nadda,Minister,Ministry of Chemicals and Fertilizers,"24014850, 24014781","Room No.: 23000G, 3rd floor, Kartavya Bhawan, New Delhi-110001",min-cnf@gov.in
Qte83XQBYNG-XPnvjOsx,Department of Fertilizers,ug,,Smt. Anupriya Patel,Minister of State,Ministry of Chemicals and Fertilizers,"23381768, 23383686","Room No.: 303 A, A-wing, Shastri Bhawan, New Delhi-110001",mos-cf@gov.in
Qte83XQBYNG-XPnvjOsx,Department of Fertilizers,ug,,Shri Rajat Kumar Mishra,Secretary (F ),Secretary Office,"24014801, 24014802","Room No.: 23026, Kartavya Bhawan-2, Dr Rajendra Prasad Road, New Delhi 110001",fertsec@nic.in
QwWk4YgBF92NGf8XsMoK,MyGov Saathi,ug,,Shri Ajit Kumar,CEO,MyGov,"011-24369222, 011-24301913",,compliance-officer@mygov.in
R84zv3QBGZk0jujBKgGW,Ministry of Skill Development and Entrepreneurship,ug,,Shri Jayant Chaudhary,Minister of State (Independent Charge),Ministry of Skill Development and Entrepreneurship,"26773201, 23782339","Room No. 201, Kaushal Bhawan, New Moti Bagh, New Delhi-110023",minister-msde@gov.in
R84zv3QBGZk0jujBKgGW,Ministry of Skill Development and Entrepreneurship,ug,,Ms. Debashree Mukherjee,Secretary,Ministry of Skill Development and Entrepreneurship,"26773005, 26773332","Room No. 301, Kaushal Bhawan, New Moti Bagh, New Delhi-110023",secy-msde@nic.in
R9e83XQBYNG-XPnvjOsx,Department of Telecommunications,ug,,Shri Jyotiraditya M. Scindia,Minister,Ministry of Communications,"23739191, 23710445","Room No.: 105, 1st Floor, Sanchar Bhawan, New Delhi 110001",moc-office@gov.in
R9e83XQBYNG-XPnvjOsx,Department of Telecommunications,ug,,Dr. Chandra Sekhar Pemmasani,Minister of State,Ministry of Communications,"23372414, 23372565","Room No.: 102, 1st Floor, Sanchar Bhawan, New Delhi 110001",mosc-office@gov.in
R9e83XQBYNG-XPnvjOsx,Department of Telecommunications,ug,,Shri Amit Agrawal,Secretary,Digital Communications Commission,"23719898, 23372309","Room No.: 210, Sanchar Bhawan, New Delhi 110001",secy-dot@nic.in
RM4zv3QBGZk0jujBKgGW,Ministry of Electronics and Information Technology,ug,,Shri Ashwini Vaishnaw,Minister,Ministry of Electronics and Information Technology,"24369191, 24362626",,moeit@gov.in
RM4zv3QBGZk0jujBKgGW,Ministry of Electronics and Information Technology,ug,,Shri Jitin Prasada,Minister of State,Ministry of Electronics and Information Technology,"24368757, 24368758",,mos-eit@gov.in
RM4zv3QBGZk0jujBKgGW,Ministry of Electronics and Information Technology,ug,,Shri S. Krishnan,Secretary,Ministry of Electronics and Information Technology,24364041,,secretary@meity.gov.in
Rc4zv3QBGZk0jujBKgGW,Ministry of AYUSH,ug,,Shri Jadhav Prataprao Ganpatrao,Minister of State (Independent Charge),"Ministry of Ayurveda, Yoga and Naturopathy, Unani, Siddha and Homoeopathy (AYUSH)","24651955, 24651935","Ayush Bhawan, B Block, GPO Complex, INA, New Delhi - 110023",minister-ayush@nic.in
Rc4zv3QBGZk0jujBKgGW,Ministry of AYUSH,ug,,Shri Rajesh Kotecha,Secretary,"Ministry of Ayurveda, Yoga and Naturopathy, Unani, Siddha and Homoeopathy (AYUSH)",24651950,"Ayush Bhawan, B Block, GPO Complex, INA, New Delhi - 110023",secy-ayush@nic.in
Rde83XQBYNG-XPnvjOsx,Department of Commerce,ug,,Shri Piyush Goyal,Minister,Ministry of Commerce and Industry,"23039110, 23039111","Room No.: 501, Vanijya Bhawan, New Delhi - 110001",piyush.goyal@gov.in
Rde83XQBYNG-XPnvjOsx,Department of Commerce,ug,,Shri Jitin Prasada,Minister of State,Ministry of Commerce and Industry,"23039174, 23039184","Room No.: 513, Vanijya Bhawan, New Delhi - 110001",mos-ci@gov.in
Rde83XQBYNG-XPnvjOsx,Department of Commerce,ug,,Shri Rajesh Agarwal,Secretary,Commerce Secretary,"23039251, 23039252","Room No.: 426, Vanijya Bhawan, New Delhi - 110001",csoffice@nic.in
Rs4zv3QBGZk0jujBKgGW,"Ministry of Ports, Shipping and Waterways",ug,,Shri Sarbananda Sonowal,Minister,"Ministry of Ports, Shipping and Waterways","23717422, 23717423","Room no. 201, Parivahan Bhavan, 1, Parliament Street, New Delhi",minister-shipping@gov.in
Rs4zv3QBGZk0jujBKgGW,"Ministry of Ports, Shipping and Waterways",ug,,Shri Shantanu Thakur,Minister of State,"Ministry of Ports, Shipping and Waterways","23710189, 23710356","Room no. 215 Parivahan Bhavan, 1, Parliament Street, New Delhi",officeofmos-psw@gov.in
Rs4zv3QBGZk0jujBKgGW,"Ministry of Ports, Shipping and Waterways",ug,,Shri Vijay Kumar,Secretary,"Ministry of Ports, Shipping and Waterways","23714938, 23716656","Room no. 401, Parivahan Bhavan, 1, Parliament Street, New Delhi",secyship@nic.in
Rte83XQBYNG-XPnvjOsx,Department of Posts,ug,,Shri Jyotiraditya M. Scindia,Minister,Ministry of Communications,"23739191, 23710445","Room No.: 105, 1st Floor, Sanchar Bhawan, New Delhi 110001",moc-office@gov.in
Rte83XQBYNG-XPnvjOsx,Department of Posts,ug,,Dr. Chandra Sekhar Pemmasani,Minister of State,Ministry of Communications,"23372414, 23372565","Room No.: 102, 1st Floor, Sanchar Bhawan, New Delhi 110001",mosc-office@gov.in
Rte83XQBYNG-XPnvjOsx,Department of Posts,ug,,Shri Subrat Das,Secretary,"Department of Posts & Chairperson, Postal Services Board",23096060,"Secretary (Posts), Dak Bhawan,New Delhi-110001.",secretary-posts@indiapost.gov.in
S9e83XQBYNG-XPnvjOsx,Department of Defence Production,ug,,Shri Raj Nath Singh,Minister,Ministry of Defence,"24014501, 24014502, 23793881","25075, 5th Floor, Kartavya Bhavan-2, New Delhi- 110001",rmo@mod.nic.in
S9e83XQBYNG-XPnvjOsx,Department of Defence Production,ug,,Shri Sanjay Seth,Minister of State,Ministry of Defence,"24014508, 23310353","26107, 6th Floor, Kartavya Bhavan-2, New Delhi- 110001",mos-defence@gov.in
S9e83XQBYNG-XPnvjOsx,Department of Defence Production,ug,,Shri Sanjeev Kumar,Secretary (DP),Secretary (Defence Production),"24015505, 24015506","Room No. 25098-101, Kartavya Bhawan-2, New Delhi",sdpns@nic.in
SI7dxHQBnHZIjqMuV49J,Department of Animal Husbandry and Dairying,ug,,Shri Rajiv Ranjan Singh alias Lalan Singh,Minister,"Ministry of Fisheries, Animal Husbandry and Dairying","23380780, 23380781","Room No.: 234, Krishi Bhawan, New Delhi",rrsingh@sansad.nic.in
SI7dxHQBnHZIjqMuV49J,Department of Animal Husbandry and Dairying,ug,,Prof. S. P. Singh Baghel,Minister of State,"Ministry of Fisheries, Animal Husbandry and Dairying","23782143, 23782548","Room No.: 392, E WING, 3rd Floor, Krishi Bhawan, New Delhi",mos-fahd@dahd.nic.in
SI7dxHQBnHZIjqMuV49J,Department of Animal Husbandry and Dairying,ug,,Shri Naresh Pal Gangwar,Secretary (DAHD),Secretary Office,23382608,"Room No- 218, Krishi Bhawan, New Delhi",secyahd@nic.in
SM4zv3QBGZk0jujBKgGW,"Ministry of Fisheries, Animal Husbandry and Dairying",ug,,Shri Rajiv Ranjan Singh alias Lalan Singh,Minister,"Ministry of Fisheries, Animal Husbandry and Dairying","23380780, 23380781","Room No.: 234, Krishi Bhawan, New Delhi",rrsingh@sansad.nic.in
SM4zv3QBGZk0jujBKgGW,"Ministry of Fisheries, Animal Husbandry and Dairying",ug,,Prof. S. P. Singh Baghel,Minister of State,"Ministry of Fisheries, Animal Husbandry and Dairying","23782143, 23782548","Room No.: 392, E WING, 3rd Floor, Krishi Bhawan, New Delhi",mos-fahd@dahd.nic.in
SNe83XQBYNG-XPnvjOsx,Department of Consumer Affairs,ug,,Shri Pralhad Joshi,Minister,"Ministry of Consumer Affairs, Food and Public Distribution","23070637, 23070642","Room No.: 179, Krishi Bhawan, New Delhi-110001",
SNe83XQBYNG-XPnvjOsx,Department of Consumer Affairs,ug,,Shri B. L. Verma,Minister of State,"Ministry of Consumer Affairs, Food and Public Distribution","23380630, 23380631","Room No.: 173, Krishi Bhawan, New Delhi-110001",
SNe83XQBYNG-XPnvjOsx,Department of Consumer Affairs,ug,,Smt. Nimuben Jayantibhai Bambhaniya,Minister of State,"Ministry of Consumer Affairs, Food and Public Distribution",,"Room No.: 196, Krishi Bhawan, New Delhi-110001",
SNe83XQBYNG-XPnvjOsx,Department of Consumer Affairs,ug,,Smt. Nidhi Khare,Secretary (CA),Secretary (Consumer Affairs),"23782807, 23070121","Room No.: 49, Krishi Bhawan, New Delhi-110001",Secy-ca@nic.in
Sde83XQBYNG-XPnvjOsx,Department of Food and Public Distribution,ug,,Shri Pralhad Joshi,Minister,"Ministry of Consumer Affairs, Food and Public Distribution","23070637, 23070642","Room No.: 179, Krishi Bhawan, New Delhi-110001",
Sde83XQBYNG-XPnvjOsx,Department of Food and Public Distribution,ug,,Shri B. L. Verma,Minister of State,"Ministry of Consumer Affairs, Food and Public Distribution","23380630, 23380631","Room No.: 173, Krishi Bhawan, New Delhi-110001",
Sde83XQBYNG-XPnvjOsx,Department of Food and Public Distribution,ug,,Smt. Nimuben Jayantibhai Bambhaniya,Minister of State,"Ministry of Consumer Affairs, Food and Public Distribution",,"Room No.: 196, Krishi Bhawan, New Delhi-110001",
Sde83XQBYNG-XPnvjOsx,Department of Food and Public Distribution,ug,,Shri Sanjeev Chopra,Secretary (F & PD),Food and Public Distribution,"23382349, 23097018",,secy-food@nic.in
Ste83XQBYNG-XPnvjOsx,Department of Defence,ug,,Shri Raj Nath Singh,Minister,Ministry of Defence,"24014501, 24014502, 23793881","25075, 5th Floor, Kartavya Bhavan-2, New Delhi- 110001",rmo@mod.nic.in
Ste83XQBYNG-XPnvjOsx,Department of Defence,ug,,Shri Sanjay Seth,Minister of State,Ministry of Defence,"24014508, 23310353","26107, 6th Floor, Kartavya Bhavan-2, New Delhi- 110001",mos-defence@gov.in
Ste83XQBYNG-XPnvjOsx,Department of Defence,ug,,Shri Rajesh Kumar Singh,Defence Secretary,Department of Defence,"24014513, 24014515","25067-70, 5th Floor, Kartavya Bhavan-2, New Delhi- 110001",defsecy@nic.in
T9e83XQBYNG-XPnvjOsx,Department of Higher Education,ug,,Shri Pralhad Joshi,Minister,Ministry of Education,"011-24015222, 011-24015290","Room No. 21107, Kartavya Bhawan 2, Central Secretariat, New Delhi-110001",minister.sm@gov.in
T9e83XQBYNG-XPnvjOsx,Department of Higher Education,ug,,Shri Jayant Chaudhary,Minister of State,Ministry of Education,"011-24015042, 011-24015043","Room No. 21042, Kartavya Bhawan 2, Central Secretariat, New Delhi-110001",mosedu-jc@gov.in
T9e83XQBYNG-XPnvjOsx,Department of Higher Education,ug,,Shri Sukanta Majumdar,Minister of State,Ministry of Education,"011-24015026, 011-24015028","Room No. 21026, Kartavya Bhawan 2, Central Secretariat, New Delhi-110001",mosedu-sm@gov.in
T9e83XQBYNG-XPnvjOsx,Department of Higher Education,ug,,Shri Vineet Joshi,Secretary,Higher Education,"011-24015070, 011-24015071","Room No: 21072 , Kartavya Bhavan -2, New Delhi",secy.dhe@nic.in
TNe83XQBYNG-XPnvjOsx,Department of Defence Research and Development,ug,,Shri Raj Nath Singh,Minister,Ministry of Defence,"24014501, 24014502, 23793881","25075, 5th Floor, Kartavya Bhavan-2, New Delhi- 110001",rmo@mod.nic.in
TNe83XQBYNG-XPnvjOsx,Department of Defence Research and Development,ug,,Shri Sanjay Seth,Minister of State,Ministry of Defence,"24014508, 23310353","26107, 6th Floor, Kartavya Bhavan-2, New Delhi- 110001",mos-defence@gov.in
TNe83XQBYNG-XPnvjOsx,Department of Defence Research and Development,ug,,Shri Rajesh Kumar Singh,Secretary,"Department of Defence R&D and Chairman, DRDO","24014513, 24014515","25067-70, 5th Floor, Kartavya Bhavan-2, New Delhi- 110001",defsecy@nic.in
Tde83XQBYNG-XPnvjOsx,Department of Ex-Servicemen Welfare,ug,,Shri Raj Nath Singh,Minister,Ministry of Defence,"24014501, 24014502, 23793881","25075, 5th Floor, Kartavya Bhavan-2, New Delhi- 110001",rmo@mod.nic.in
Tde83XQBYNG-XPnvjOsx,Department of Ex-Servicemen Welfare,ug,,Shri Sanjay Seth,Minister of State,Ministry of Defence,"24014508, 23310353","26107, 6th Floor, Kartavya Bhavan-2, New Delhi- 110001",mos-defence@gov.in
Tde83XQBYNG-XPnvjOsx,Department of Ex-Servicemen Welfare,ug,,Ms. Sukriti Likhi,Secretary (ESW),Department of Ex-Servicemen Welfare,23792913,"Room No. : 5-A, South Block, New Delhi",secyesw@nic.in
U9e83XQBYNG-XPnvjOsx,Department of Financial Services,ug,,Smt. Nirmala Sitharaman,Minister,Ministry of Finance,"011-24012101, 011-24012102","Room No. 15075, Kartavya Bhawan - I, New Delhi",appointment.fm@gov.in
U9e83XQBYNG-XPnvjOsx,Department of Financial Services,ug,,Shri Pankaj Chaowdhary,Minister of State,Ministry of Finance,"011-24012401, 011-24012402","Room No. 16042, Kartavya Bhawan - I, New Delhi",mosfinance@nic.in
U9e83XQBYNG-XPnvjOsx,Department of Financial Services,ug,,Shri Sanjay Lohiya,Secretary,Financial Services,011-23340222,"6A, 3rd floor, Jeevan Deep Building Sansad Marg, New Delhi",secy-fs@nic.in
UNe83XQBYNG-XPnvjOsx,Department of School Education and Literacy,ug,,Shri Pralhad Joshi,Minister,Ministry of Education,"011-24015222, 011-24015290","Room No. 21107, Kartavya Bhawan 2, Central Secretariat, New Delhi-110001",minister.sm@gov.in
UNe83XQBYNG-XPnvjOsx,Department of School Education and Literacy,ug,,Shri Jayant Chaudhary,Minister of State,Ministry of Education,"011-24015042, 011-24015043","Room No. 21042, Kartavya Bhawan 2, Central Secretariat, New Delhi-110001",mosedu-jc@gov.in
UNe83XQBYNG-XPnvjOsx,Department of School Education and Literacy,ug,,Shri Sukanta Majumdar,Minister of State,Ministry of Education,"011-24015026, 011-24015028","Room No. 21026, Kartavya Bhawan 2, Central Secretariat, New Delhi-110001",mosedu-sm@gov.in
UNe83XQBYNG-XPnvjOsx,Department of School Education and Literacy,ug,,Shri T. K. Anil Kumar,Secretary (School Education & Literacy),School Education & Literacy,011-24015101,"Room No.: 21102, Kartavya Bhawan 2, New Delhi",secy.sel@nic.in
Ude83XQBYNG-XPnvjOsx,Department of Economic Affairs,ug,,Smt. Nirmala Sitharaman,Minister,Ministry of Finance,"011-24012101, 011-24012102","Room No. 15075, Kartavya Bhawan - I, New Delhi",appointment.fm@gov.in
Ude83XQBYNG-XPnvjOsx,Department of Economic Affairs,ug,,Shri Pankaj Chaowdhary,Minister of State,Ministry of Finance,"011-24012401, 011-24012402","Room No. 16042, Kartavya Bhawan - I, New Delhi",mosfinance@nic.in
Ude83XQBYNG-XPnvjOsx,Department of Economic Affairs,ug,,Ms. Anuradha Thakur,Secretary (EA),Secretary (EA)’s Office,"011-24013001, 011-24013002","Room No. 15101, Kartavya Bhawan - 1, New Delhi",secy-dea@nic.in
Ute83XQBYNG-XPnvjOsx,Department of Expenditure,ug,,Smt. Nirmala Sitharaman,Minister,Ministry of Finance,"011-24012101, 011-24012102","Room No. 15075, Kartavya Bhawan - I, New Delhi",appointment.fm@gov.in
Ute83XQBYNG-XPnvjOsx,Department of Expenditure,ug,,Shri Pankaj Chaowdhary,Minister of State,Ministry of Finance,"011-24012401, 011-24012402","Room No. 16042, Kartavya Bhawan - I, New Delhi",mosfinance@nic.in
Ute83XQBYNG-XPnvjOsx,Department of Expenditure,ug,,Shri V. Vualnam,Secretary,Secretary (Expenditure),"011-24012000, 011-24012001","Room No. 16102, Kartavya Bhawan - I, New Delhi",secyexp@nic.in
VNe83XQBYNG-XPnvjOsx,Department of Investment and Public Asset Management,ug,,Smt. Nirmala Sitharaman,Minister,Ministry of Finance,"011-24012101, 011-24012102","Room No. 15075, Kartavya Bhawan - I, New Delhi",appointment.fm@gov.in
VNe83XQBYNG-XPnvjOsx,Department of Investment and Public Asset Management,ug,,Shri Pankaj Chaowdhary,Minister of State,Ministry of Finance,"011-24012401, 011-24012402","Room No. 16042, Kartavya Bhawan - I, New Delhi",mosfinance@nic.in
VNe83XQBYNG-XPnvjOsx,Department of Investment and Public Asset Management,ug,,Shri Arunish Chawla,Secretary,Investment and Public Asset Management,011-24368040,"Room No. 407, 4th Floor Block No. 14 CGO Complex, Lodhi Road, New Delhi",secydivest@nic.in
Vde83XQBYNG-XPnvjOsx,Department of Revenue,ug,,Smt. Nirmala Sitharaman,Minister,Ministry of Finance,"011-24012101, 011-24012102","Room No. 15075, Kartavya Bhawan - I, New Delhi",appointment.fm@gov.in
Vde83XQBYNG-XPnvjOsx,Department of Revenue,ug,,Shri Pankaj Chaowdhary,Minister of State,Ministry of Finance,"011-24012401, 011-24012402","Room No. 16042, Kartavya Bhawan - I, New Delhi",mosfinance@nic.in
Vde83XQBYNG-XPnvjOsx,Department of Revenue,ug,,Shri Arvind Shrivastava,Secretary,Ministry of Finance,"011-24012501, 011-24012502","Room No. 14102, Kartavya Bhawan - I, New Delhi",rsecy@nic.in
W9e83XQBYNG-XPnvjOsx,Department of Public Enterprises,ug,,Smt. Nirmala Sitharaman,Minister,Ministry of Finance,"011-24012101, 011-24012102","Room No. 15075, Kartavya Bhawan - I, New Delhi",appointment.fm@gov.in
W9e83XQBYNG-XPnvjOsx,Department of Public Enterprises,ug,,Shri Pankaj Chaowdhary,Minister of State,Ministry of Finance,"011-24012401, 011-24012402","Room No. 16042, Kartavya Bhawan - I, New Delhi",mosfinance@nic.in
W9e83XQBYNG-XPnvjOsx,Department of Public Enterprises,ug,,Shri K Moses Chalai,Secretary,Secretary's Office,"011-24366171, 011-24360402","Room No. 301, Block No. 14, CGO Complex, New Delhi",secy-dpe@nic.in
WNe83XQBYNG-XPnvjOsx,Department of Health and Family Welfare,ug,,Shri Jagat Prakash Nadda,Minister,Ministry of Health and Family Welfare,"24013301, 24013302","Room No. 12107 C- Wing, Kartavya Bhawan -1, New Delhi -110001",min-hfm@gov.in
WNe83XQBYNG-XPnvjOsx,Department of Health and Family Welfare,ug,,Shri Jadhav Prataprao Ganpatrao,Minister of State,Ministry of Health and Family Welfare,24013380,"Room No. 12042 A-Wing, , Kartavya Bhawan -1, New Delhi -110001",mos-health@gov.in
WNe83XQBYNG-XPnvjOsx,Department of Health and Family Welfare,ug,,Smt. Anupriya Patel,Minister of State,Ministry of Health and Family Welfare,"24013239, 24013240","Room No. 12026 A- Wing, Kartavya Bhawan -1, New Delhi -110001",mosap-mohfw@gov.in
WNe83XQBYNG-XPnvjOsx,Department of Health and Family Welfare,ug,,Ms. Punya Salila Srivastava,Secretary,Secretary (H & FW),"23061863, 23063220","Room No.: 156-A, Nirman Bhavan, New Delhi - 110011",secyhfw@nic.in
WQOeFYUB77KrIrzW29dC,MyGov Karnataka,sg,KA,Shri Ajit Kumar,CEO,MyGov,"011-24369222, 011-24301913",,compliance-officer@mygov.in
Wde83XQBYNG-XPnvjOsx,Department of Health Research,ug,,Shri Jagat Prakash Nadda,Minister,Ministry of Health and Family Welfare,"24013301, 24013302","Room No. 12107 C- Wing, Kartavya Bhawan -1, New Delhi -110001",min-hfm@gov.in
Wde83XQBYNG-XPnvjOsx,Department of Health Research,ug,,Shri Jadhav Prataprao Ganpatrao,Minister of State,Ministry of Health and Family Welfare,24013380,"Room No. 12042 A-Wing, , Kartavya Bhawan -1, New Delhi -110001",mos-health@gov.in
Wde83XQBYNG-XPnvjOsx,Department of Health Research,ug,,Smt. Anupriya Patel,Minister of State,Ministry of Health and Family Welfare,"24013239, 24013240","Room No. 12026 A- Wing, Kartavya Bhawan -1, New Delhi -110001",mosap-mohfw@gov.in
Wde83XQBYNG-XPnvjOsx,Department of Health Research,ug,,Shri Rajiv Bahl,Secretary,Secretary DHR Office,23736081,"Room No. 202, 2nd Floor, IRCS Building, 1, Red Cross Road, New Delhi - 110001",secy-dhr@gov.in
X9e83XQBYNG-XPnvjOsx,Department of Home,ug,,Shri Amit Shah,Minister,Ministry of Home Affairs,"23092462, 23094686","Room No.: 104, North Block, New Delhi - 110001",
X9e83XQBYNG-XPnvjOsx,Department of Home,ug,,Shri Nityanand Rai,Minister of State,Ministry of Home Affairs,"23092870, 23092595","Room No.: 101, North Block, New Delhi - 110001",
X9e83XQBYNG-XPnvjOsx,Department of Home,ug,,Shri Bandi Sanjay Kumar,Minister of State,Ministry of Home Affairs,"23092073, 23094054","Room No.: 127, North Block, New Delhi - 110001",
X9e83XQBYNG-XPnvjOsx,Department of Home,ug,,Shri Govind Mohan,Home Secretary,Secretary Office,"23092989, 23093031","Room No.: 113, North Block, New Delhi - 110001",hshso@nic.in
Xte83XQBYNG-XPnvjOsx,Department of Border Management,ug,,Shri Amit Shah,Minister,Ministry of Home Affairs,"23092462, 23094686","Room No.: 104, North Block, New Delhi - 110001",
Xte83XQBYNG-XPnvjOsx,Department of Border Management,ug,,Shri Nityanand Rai,Minister of State,Ministry of Home Affairs,"23092870, 23092595","Room No.: 101, North Block, New Delhi - 110001",
Xte83XQBYNG-XPnvjOsx,Department of Border Management,ug,,Shri Bandi Sanjay Kumar,Minister of State,Ministry of Home Affairs,"23092073, 23094054","Room No.: 127, North Block, New Delhi - 110001",
Xte83XQBYNG-XPnvjOsx,Department of Border Management,ug,,Shri Rajendra Kumar,Secretary (BM),Secretary Office,23092431,"Room No.: 124, North Block, New Delhi - 110001",secybm@nic.in
YQUjYIQBF92NGf8XoaQ6,Department of Military Affairs,ug,,Shri Raj Nath Singh,Minister,Ministry of Defence,"24014501, 24014502, 23793881","25075, 5th Floor, Kartavya Bhavan-2, New Delhi- 110001",rmo@mod.nic.in
YQUjYIQBF92NGf8XoaQ6,Department of Military Affairs,ug,,Shri Sanjay Seth,Minister of State,Ministry of Defence,"24014508, 23310353","26107, 6th Floor, Kartavya Bhavan-2, New Delhi- 110001",mos-defence@gov.in
Yte83XQBYNG-XPnvjOsx,Department of Official Language,ug,,Shri Amit Shah,Minister,Ministry of Home Affairs,"23092462, 23094686","Room No.: 104, North Block, New Delhi - 110001",
Yte83XQBYNG-XPnvjOsx,Department of Official Language,ug,,Shri Nityanand Rai,Minister of State,Ministry of Home Affairs,"23092870, 23092595","Room No.: 101, North Block, New Delhi - 110001",
Yte83XQBYNG-XPnvjOsx,Department of Official Language,ug,,Shri Bandi Sanjay Kumar,Minister of State,Ministry of Home Affairs,"23092073, 23094054","Room No.: 127, North Block, New Delhi - 110001",
Yte83XQBYNG-XPnvjOsx,Department of Official Language,ug,,Ms. Ansuli Arya,Secretary (OL),Official Language,23438266,"NDCC-II Bhawan, 'B' Wing 3rd Floor, Jai Singh Road, New Delhi - 110001",secy-ol@nic.in
Z9e83XQBYNG-XPnvjOsx,Department of Legal Affairs,ug,,Shri Arjun Ram Meghwal,Minister of State (Independent Charge),Ministry of Law and Justice,011-23386974,"Room No. 24107, 4th Floor, Kartavya Bhawan-II, New Delhi-110001",mljoffice@gov.in
Z9e83XQBYNG-XPnvjOsx,Department of Legal Affairs,ug,,Shri Rajiv Mani,Secretary,Department of Legal Affairs,"011-24016067, 011-24016068","Room No. 24072, 4th Floor, Kartavya Bhawan-II, New Delhi-110001",secylaw-dla@nic.in
ZNe83XQBYNG-XPnvjOsx,Department of Drinking Water and Sanitation,ug,,Shri C R Patil,Minister,Ministry of Jal Shakti,23714200,"Room no. - 210, Shram Shakti Bhawan, Rafi Marg, New Delhi – 110001",minister-jalshakti@gov.in
ZNe83XQBYNG-XPnvjOsx,Department of Drinking Water and Sanitation,ug,,Shri V. Somanna,Minister of State,Ministry of Jal Shakti,24368618,"Room no. - 215, Shram Shakti Bhawan, Rafi Marg, New Delhi – 110001",mosoffice-mdws@nic.in
ZNe83XQBYNG-XPnvjOsx,Department of Drinking Water and Sanitation,ug,,Shri Raj Bhushan Choudhary,Minister of State,Ministry of Jal Shakti,23718759,"Room no. - 215, Shram Shakti Bhawan, Rafi Marg, New Delhi – 110001",mos-mowr@nic.in
ZNe83XQBYNG-XPnvjOsx,Department of Drinking Water and Sanitation,ug,,Shri Ashok K. K. Meena,Secretary (DWS),Senior Officers of the Department,24361245,"C Wing, 4th Floor, Pandit Deendayal Antyodaya Bhawan, CGO Complex, New Delhi - 110003",secydws@nic.in
Zde83XQBYNG-XPnvjOsx,"Department of Water Resources, River Development and Ganga Rejuvenation",ug,,Shri C R Patil,Minister,Ministry of Jal Shakti,23714200,"Room no. - 210, Shram Shakti Bhawan, Rafi Marg, New Delhi – 110001",minister-jalshakti@gov.in
Zde83XQBYNG-XPnvjOsx,"Department of Water Resources, River Development and Ganga Rejuvenation",ug,,Shri V. Somanna,Minister of State,Ministry of Jal Shakti,24368618,"Room no. - 215, Shram Shakti Bhawan, Rafi Marg, New Delhi – 110001",mosoffice-mdws@nic.in
Zde83XQBYNG-XPnvjOsx,"Department of Water Resources, River Development and Ganga Rejuvenation",ug,,Shri Raj Bhushan Choudhary,Minister of State,Ministry of Jal Shakti,23718759,"Room no. - 215, Shram Shakti Bhawan, Rafi Marg, New Delhi – 110001",mos-mowr@nic.in
Zde83XQBYNG-XPnvjOsx,"Department of Water Resources, River Development and Ganga Rejuvenation",ug,,Shri V. L. Kantha Rao,Secretary,Secretary (DoWRGR),"23715919, 23710305",,secy-mowr@nic.in
ZmQzG3sBNf80hyXhNfrU,Department for Promotion of Industry and Internal Trade,ug,,Shri Piyush Goyal,Minister,Ministry of Commerce and Industry,"23039110, 23039111","Room No.: 501, Vanijya Bhawan, New Delhi - 110001",piyush.goyal@gov.in
ZmQzG3sBNf80hyXhNfrU,Department for Promotion of Industry and Internal Trade,ug,,Shri Jitin Prasada,Minister of State,Ministry of Commerce and Industry,"23039174, 23039184","Room No.: 513, Vanijya Bhawan, New Delhi - 110001",mos-ci@gov.in
ZmQzG3sBNf80hyXhNfrU,Department for Promotion of Industry and Internal Trade,ug,,Shri Amardeep Singh Bhatia,Secretary,Department for Promotion of Industry and Internal Trade,"23038850, 23038851","Room No.: 223, Vanijya Bhawan, New Delhi - 110001",secy-ipp@nic.in
Zte83XQBYNG-XPnvjOsx,Department of Justice,ug,,Shri Arjun Ram Meghwal,Minister of State (Independent Charge),Ministry of Law and Justice,011-23386974,"Room No. 24107, 4th Floor, Kartavya Bhawan-II, New Delhi-110001",mljoffice@gov.in
Zte83XQBYNG-XPnvjOsx,Department of Justice,ug,,Shri Niraj Verma,Secretary,Department of Justice,011-23383674,"Room No.- 14, Jaisalmer House, 26, Mansingh Road, New Delhi-110001",secy-jus@gov.in
a9e83XQBYNG-XPnvjOsx,Department of Personnel and Training,ug,,Shri Narendra Modi,Prime Minister,"Ministry of Personnel, Public Grievances and Pensions",,,
a9e83XQBYNG-XPnvjOsx,Department of Personnel and Training,ug,,Dr. Jitendra Singh,Minister of State,"Ministry of Personnel, Public Grievances and Pensions",24010700,"Room No.: 31026, Kartavya Bhavan-03, New Delhi - 110001",mos-pp@nic.in
a9e83XQBYNG-XPnvjOsx,Department of Personnel and Training,ug,,Ms. Rachna Shah,Secretary,Secretary (P),24010500,"Room No.: 31042, Kartavya Bhavan-3, New Delhi -110001",secy_mop@nic.in
aNJDHHUBGGphvn7wU-S7,"Ministry of Micro, Small & Medium Enterprises",ug,,Shri Jitan Ram Manjhi,Minister,"Ministry of Micro, Small & Medium Enterprises",011-24011271,"Room no.: 32108, Kartavya Bhavan-03, Kartavya Path, New Delhi - 110001",min-msme@nic.in
aNJDHHUBGGphvn7wU-S7,"Ministry of Micro, Small & Medium Enterprises",ug,,Sushri Shobha Karandlaje,Minister of State,"Ministry of Micro, Small & Medium Enterprises",011-24011274,"Room no.: 32074, Kartavya Bhavan-03, Kartavya Path, New Delhi - 110001",mos-msme@gov.in
aNJDHHUBGGphvn7wU-S7,"Ministry of Micro, Small & Medium Enterprises",ug,,Shri Bharat Harbanslal Khera,Secretary,"Ministry of Micro, Small & Medium Enterprises","011-24011277, 011-24011278","Room no.: 32104, Kartavya Bhavan-03, Kartavya Path, New Delhi - 110001",secretary-msme@nic.in
aNe83XQBYNG-XPnvjOsx,Legislative Department,ug,,Shri Arjun Ram Meghwal,Minister of State (Independent Charge),Ministry of Law and Justice,011-23386974,"Room No. 24107, 4th Floor, Kartavya Bhawan-II, New Delhi-110001",mljoffice@gov.in
aNe83XQBYNG-XPnvjOsx,Legislative Department,ug,,Shri Rajiv Mani,Secretary,Legistative Department,011-24016050,"Room No. 24026, 4th Floor, Kartavya Bhawan-II, New Delhi-110001",secyoffice-ld@gov.in
ade83XQBYNG-XPnvjOsx,Department of Administrative Reforms and Public Grievances,ug,,Shri Narendra Modi,Prime Minister,"Ministry of Personnel, Public Grievances and Pensions",,,
ade83XQBYNG-XPnvjOsx,Department of Administrative Reforms and Public Grievances,ug,,Dr. Jitendra Singh,Minister of State,"Ministry of Personnel, Public Grievances and Pensions",24010700,"Room No.: 31026, Kartavya Bhavan-03, New Delhi - 110001",mos-pp@nic.in
ade83XQBYNG-XPnvjOsx,Department of Administrative Reforms and Public Grievances,ug,,Ms. Nivedita Shukla Verma,Secretary,Department of Administrative Reforms & Public Grievances,"23742133, 23340008","Room No. : 513, Sardar Patel Bhavan, Sansad Marg, New Delhi - 110001",secy-arpg@nic.in
ate83XQBYNG-XPnvjOsx,Department of Pension & Pensioner's Welfare,ug,,Shri Narendra Modi,Prime Minister,"Ministry of Personnel, Public Grievances and Pensions",,,
ate83XQBYNG-XPnvjOsx,Department of Pension & Pensioner's Welfare,ug,,Dr. Jitendra Singh,Minister of State,"Ministry of Personnel, Public Grievances and Pensions",24010700,"Room No.: 31026, Kartavya Bhavan-03, New Delhi - 110001",mos-pp@nic.in
ate83XQBYNG-XPnvjOsx,Department of Pension & Pensioner's Welfare,ug,,Smt. Nivedita Shukla Verma,Secretary (Pension),Pension & Pensioner's Welfare,"23742133, 23340008","Room No. : 513, Sardar Patel Bhavan, Sansad Marg, New Delhi - 110001",secy-arpg@nic.in
b9e83XQBYNG-XPnvjOsx,Department of Science and Technology,ug,,Dr. Jitendra Singh,Minister of State (Independent Charge),Ministry of Science and Technology,"23316745, 24629788",,mos-stes@gov.in
b9e83XQBYNG-XPnvjOsx,Department of Science and Technology,ug,,Shri Rajesh S. Gokhale,Secretary,Department of Science and Technology,"26510068, 26511439",,dstsec@nic.in
bNe83XQBYNG-XPnvjOsx,Department of Land Resources,ug,,Shri Shivraj Singh Chouhan,Minister,Ministry of Rural Development,"23782327, 23782373","Krishi Bhawan, New Delhi",minister.rd@gov.in
bNe83XQBYNG-XPnvjOsx,Department of Land Resources,ug,,Dr. Chandra Sekhar Pemmasani,Minister of State,Ministry of Rural Development,"23372414, 23372565","Sanchar Bhawan, New Delhi",mosc-office@gov.in
bNe83XQBYNG-XPnvjOsx,Department of Land Resources,ug,,Shri Kamlesh Paswan,Minister of State,Ministry of Rural Development,"24105585, 23388859","Krishi Bhawan, New Delhi",mosoffice-rd@gov.in
bNe83XQBYNG-XPnvjOsx,Department of Land Resources,ug,,Shri Narendra Bhooshan,Secretary,Secretary (LR),"24011515, 24011516","Room No.: 32042, Kartavya Bhavan-03, Kartavya Path, Rajpath Area, Central Secretariat, New Delhi, -110001",secy-dolr@nic.in
bqNEInUBxrox_Nfi_36z,MyGov Uttarakhand,sg,UK,Shri Ajit Kumar,CEO,MyGov,"011-24369222, 011-24301913",,compliance-officer@mygov.in
c9e83XQBYNG-XPnvjOsx,Department of Sports,ug,,Dr. Mansukh Mandaviya,Minister,Ministry of Youth Affairs and Sports,"26116520, 24671185","Room no. 8101, 8th Floor, Zone-1, GPOA-3, Netaji Nagar, Africa Avenue Road, New Delhi-110023",office-moyas@gov.in
c9e83XQBYNG-XPnvjOsx,Department of Sports,ug,,Smt. Raksha Nikhil Khadse,Minister of State,Ministry of Youth Affairs and Sports,26111688,"Room No. 7605, 7th Floor, Zone-6, GPOA-3, Netaji Nagar, Africa Avenue Road, New Delhi, 110023",mos-yas21@gov.in
c9e83XQBYNG-XPnvjOsx,Department of Sports,ug,,Shri Hari Ranjan Rao,Secretary,Secretary of Sports,26118623,"GPOA-3, Netaji Nagar, Africa Avenue Road, New Delhi, 110023",secy-sports@nic.in
cNe83XQBYNG-XPnvjOsx,Department of Scientific and Industrial Research,ug,,Dr. Jitendra Singh,Minister of State (Independent Charge),Ministry of Science and Technology,"23316745, 24629788",,mos-stes@gov.in
cNe83XQBYNG-XPnvjOsx,Department of Scientific and Industrial Research,ug,,Dr N Kalaiselvi,"DG, CSIR-cum-Secretary, DSIR",Secretary,"23717053, 23710472",,dgcsir@csir.res.in
c_PEC3wBnAUp6yMBzd79,MyGov Arunachal Pradesh,sg,AR,Shri Ajit Kumar,CEO,MyGov,"011-24369222, 011-24301913",,compliance-officer@mygov.in
cde83XQBYNG-XPnvjOsx,Department of Empowerment of Persons with Disabilities,ug,,Dr. Virendra Kumar,Minister,Ministry of Social Justice and Empowerment,"011-23381001, 011-23381390, 011-23012175","Room No:. 201 C-wing, Shastri Bhawan, New Delhi",min-sje@nic.in
cde83XQBYNG-XPnvjOsx,Department of Empowerment of Persons with Disabilities,ug,,Shri Ramdas Athawale,Minister of State,Ministry of Social Justice and Empowerment,"011-23381656, 011-23381657","Room No:. 101C-Wing, Shastri Bhawan, New Delhi",mos3-msje@gov.in
cde83XQBYNG-XPnvjOsx,Department of Empowerment of Persons with Disabilities,ug,,Shri B. L. Verma,Minister of State,Ministry of Social Justice and Empowerment,,"Room No:. 251, A-wing, Shastri Bhawan, New Delhi",
cde83XQBYNG-XPnvjOsx,Department of Empowerment of Persons with Disabilities,ug,,Ms. V. Vidyavati,Secretary,Empowerment of Persons with Disabilities,"24369055, 24369067","Room No:. 524 (B-III), Antyodaya Bhawan, CGO Complex, New Delhi",secretaryda-msje@nic.in
cte83XQBYNG-XPnvjOsx,Department of Social Justice and Empowerment,ug,,Dr. Virendra Kumar,Minister,Ministry of Social Justice and Empowerment,"011-23381001, 011-23381390, 011-23012175","Room No:. 201 C-wing, Shastri Bhawan, New Delhi",min-sje@nic.in
cte83XQBYNG-XPnvjOsx,Department of Social Justice and Empowerment,ug,,Shri Ramdas Athawale,Minister of State,Ministry of Social Justice and Empowerment,"011-23381656, 011-23381657","Room No:. 101C-Wing, Shastri Bhawan, New Delhi",mos3-msje@gov.in
cte83XQBYNG-XPnvjOsx,Department of Social Justice and Empowerment,ug,,Shri B. L. Verma,Minister of State,Ministry of Social Justice and Empowerment,,"Room No:. 251, A-wing, Shastri Bhawan, New Delhi",
cte83XQBYNG-XPnvjOsx,Department of Social Justice and Empowerment,ug,,Shri Sudhansh Pant,Secretary,Department of Social Justice & Empowerment,"011-23382683, 011-23389184","Room No:. 604, A-wing, Shastri Bhawan, New Delhi",secywel@nic.in
d9KpHHUBGGphvn7w1-jZ,Department of Biotechnology,ug,,Dr. Jitendra Singh,Minister of State (Independent Charge),Ministry of Science and Technology,"23316745, 24629788",,mos-stes@gov.in
d9KpHHUBGGphvn7w1-jZ,Department of Biotechnology,ug,,Shri Rajesh S. Gokhale,Secretary,Department of Biotechnology,"24362950, 24362881",,secy@dbt.nic.in
dNe83XQBYNG-XPnvjOsx,Department of Youth Affairs,ug,,Dr. Mansukh Mandaviya,Minister,Ministry of Youth Affairs and Sports,"26116520, 24671185","Room no. 8101, 8th Floor, Zone-1, GPOA-3, Netaji Nagar, Africa Avenue Road, New Delhi-110023",office-moyas@gov.in
dNe83XQBYNG-XPnvjOsx,Department of Youth Affairs,ug,,Smt. Raksha Nikhil Khadse,Minister of State,Ministry of Youth Affairs and Sports,26111688,"Room No. 7605, 7th Floor, Zone-6, GPOA-3, Netaji Nagar, Africa Avenue Road, New Delhi, 110023",mos-yas21@gov.in
dNe83XQBYNG-XPnvjOsx,Department of Youth Affairs,ug,,Ms. Pallavi Jain Govil,Secretary,Department of Youth Affairs,"26117418, 26113163","Room No. 6201 6th Floor, Zone-02 GPOA-3 Netaji Nagar, Africa Avenue Road New Delhi- 110023",secy-ya@nic.in
eqNfInUBxrox_NfiSIBI,Ministry of Jal Shakti,ug,,Shri C R Patil,Minister,Ministry of Jal Shakti,23714200,"Room no. - 210, Shram Shakti Bhawan, Rafi Marg, New Delhi – 110001",minister-jalshakti@gov.in
eqNfInUBxrox_NfiSIBI,Ministry of Jal Shakti,ug,,Shri V. Somanna,Minister of State,Ministry of Jal Shakti,24368618,"Room no. - 215, Shram Shakti Bhawan, Rafi Marg, New Delhi – 110001",mosoffice-mdws@nic.in
eqNfInUBxrox_NfiSIBI,Ministry of Jal Shakti,ug,,Shri Raj Bhushan Choudhary,Minister of State,Ministry of Jal Shakti,23718759,"Room no. - 215, Shram Shakti Bhawan, Rafi Marg, New Delhi – 110001",mos-mowr@nic.in
ewWaFYUBF92NGf8XQar-,MyGov Jammu and Kashmir,sg,JK,Shri Ajit Kumar,CEO,MyGov,"011-24369222, 011-24301913",,compliance-officer@mygov.in
f47dxHQBnHZIjqMuV49J,Department of Rural Development,ug,,Shri Shivraj Singh Chouhan,Minister,Ministry of Rural Development,"23782327, 23782373","Krishi Bhawan, New Delhi",minister.rd@gov.in
f47dxHQBnHZIjqMuV49J,Department of Rural Development,ug,,Dr. Chandra Sekhar Pemmasani,Minister of State,Ministry of Rural Development,"23372414, 23372565","Sanchar Bhawan, New Delhi",mosc-office@gov.in
f47dxHQBnHZIjqMuV49J,Department of Rural Development,ug,,Shri Kamlesh Paswan,Minister of State,Ministry of Rural Development,"24105585, 23388859","Krishi Bhawan, New Delhi",mosoffice-rd@gov.in
f47dxHQBnHZIjqMuV49J,Department of Rural Development,ug,,Shri Rohit Kansal,Secretary,Department of Rural Development,"24011801, 24011802","Kartavya Bhavan 3, Central Secretariat, New Delhi-110001",secyrd@gov.in
fPMTDHwBnAUp6yMBbt4p,MyGov Goa,sg,GA,Shri Ajit Kumar,CEO,MyGov,"011-24369222, 011-24301913",,compliance-officer@mygov.in
ftJDHHUBGGphvn7wU-O6,MyGov India,ug,,Shri Ajit Kumar,CEO,MyGov,011-24369903,,compliance-officer@mygov.in
g_MfDHwBnAUp6yMBZt72,MyGov Manipur,sg,MN,Shri Ajit Kumar,CEO,MyGov,"011-24369222, 011-24301913",,compliance-officer@mygov.in
h_MtDHwBnAUp6yMBDN5c,MyGov Tamil Nadu,sg,TN,Shri Ajit Kumar,CEO,MyGov,"011-24369222, 011-24301913",,compliance-officer@mygov.in
hvMrDHwBnAUp6yMBlN61,MyGov Uttar Pradesh,sg,UP,Shri Ajit Kumar,CEO,MyGov,"011-24369222, 011-24301913",,compliance-officer@mygov.in
ifMvDHwBnAUp6yMB5N72,MyGov Chhattisgarh,sg,CG,Shri Ajit Kumar,CEO,MyGov,"011-24369222, 011-24301913",,compliance-officer@mygov.in
j_NHDHwBnAUp6yMBAt4u,Innovate India (MyGov),ug,,Shri Ajit Kumar,CEO,MyGov,"011-24369222, 011-24301913",,compliance-officer@mygov.in
jfNCDHwBnAUp6yMBht5X,Transforming India (MyGov),ug,,Shri Ajit Kumar,CEO,MyGov,"011-24369222, 011-24301913",,compliance-officer@mygov.in
kfNJDHwBnAUp6yMBp97V,Blog (MyGov),ug,,Shri Ajit Kumar,CEO,MyGov,"011-24369222, 011-24301913",,compliance-officer@mygov.in
l0nPCIcBlHCxpSX6POcf,MyGov India-Hindi,ug,,Shri Ajit Kumar,CEO,MyGov,011-24369903,,compliance-officer@mygov.in
lPNYDHwBnAUp6yMBdd74,Pledge (MyGov),ug,,Shri Ajit Kumar,CEO,MyGov,"011-24369222, 011-24301913",,compliance-officer@mygov.in
lQXXCIcBF92NGf8Xd7iY,MyGov Rajasthan,sg,RJ,Shri Ajit Kumar,CEO,MyGov,"011-24369222, 011-24301913",,compliance-officer@mygov.in
lvNbDHwBnAUp6yMBWd4K,AatmaNirbharBharat (MyGov),ug,,Shri Ajit Kumar,CEO,MyGov,"011-24369222, 011-24301913",,compliance-officer@mygov.in
mwX0CIcBF92NGf8X_7jI,MyGov Ladakh,sg,LA,Shri Ajit Kumar,CEO,MyGov,"011-24369222, 011-24301913",,compliance-officer@mygov.in
nkngCIcBlHCxpSX6W-c2,MyGov Mizoram,sg,MZ,Shri Ajit Kumar,CEO,MyGov,"011-24369222, 011-24301913",,compliance-officer@mygov.in
nxKd9XkBmn7FjzzhzCSZ,Ministry of Social Justice and Empowerment,ug,,Dr. Virendra Kumar,Minister,Ministry of Social Justice and Empowerment,"011-23381001, 011-23381390, 011-23012175","Room No:. 201 C-wing, Shastri Bhawan, New Delhi",min-sje@nic.in
nxKd9XkBmn7FjzzhzCSZ,Ministry of Social Justice and Empowerment,ug,,Shri Ramdas Athawale,Minister of State,Ministry of Social Justice and Empowerment,"011-23381656, 011-23381657","Room No:. 101C-Wing, Shastri Bhawan, New Delhi",mos3-msje@gov.in
nxKd9XkBmn7FjzzhzCSZ,Ministry of Social Justice and Empowerment,ug,,Shri B. L. Verma,Minister of State,Ministry of Social Justice and Empowerment,,"Room No:. 251, A-wing, Shastri Bhawan, New Delhi",
pmXOC3wBNf80hyXhGwE8,MyGov Assam,sg,AS,Shri Ajit Kumar,CEO,MyGov,"011-24369222, 011-24301913",,compliance-officer@mygov.in
r2UnDHwBNf80hyXhqgGJ,MyGov Nagaland,sg,NL,Shri Ajit Kumar,CEO,MyGov,"011-24369222, 011-24301913",,compliance-officer@mygov.in
rGUhDHwBNf80hyXhcgHi,MyGov Tripura,sg,TR,Shri Ajit Kumar,CEO,MyGov,"011-24369222, 011-24301913",,compliance-officer@mygov.in
rWUlDHwBNf80hyXhZgFD,MyGov Jharkhand,sg,JH,Shri Ajit Kumar,CEO,MyGov,"011-24369222, 011-24301913",,compliance-officer@mygov.in
sWUpDHwBNf80hyXhgwHN,MyGov Himachal Pradesh,sg,HP,Shri Ajit Kumar,CEO,MyGov,"011-24369222, 011-24301913",,compliance-officer@mygov.in
t2VFDHwBNf80hyXhlQGF,Quiz (MyGov),ug,,Shri Ajit Kumar,CEO,MyGov,"011-24369222, 011-24301913",,compliance-officer@mygov.in
