igod_org_id,org_name,branch,state,address,phone,fax,email,website,social
3p8Len0BjXgo0VKujWP3,Ministry of Cooperation,ug,,"Atal Akshay Urja Bhawan, CGO Complex, Lodhi Road, Behind NIA Building, New Delhi",Fax: Email: sanjeev[dot]kumar29[at]nic[dot]in Social Media: Website: https://www.cooperation.gov.in,Email: sanjeev[dot]kumar29[at]nic[dot]in Social Media: Website: https://www.cooperation.gov.in,sanjeev.kumar29@nic.in,https://www.cooperation.gov.in,
5wPlNYYB77KrIrzWr9-k,Ministry of Planning,ug,,South Block,Fax: Email: niti[at]gov[dot]in Website:,Email: niti[at]gov[dot]in Website:,niti@gov.in Website:,,
9AVrYoUBF92NGf8XaqwV,Campus Ambassador Programme (MyGov),ug,,"Office of CEO, MyGov 3rd Floor, Room no-3015 Ministry of Electronics and Information Technology (Government of India) Electronics Niketan, 6, CGO Complex, Lodhi Road, New Delhi - 110003, India","011-24301815, 011-24364706",Email: Social Media: Website: https://campus.mygov.in,Social Media: Website: https://campus.mygov.in,https://campus.mygov.in,
EldUWo4BJxKxhDoWcIGn,GOV.IN Root Services,ug,,"GOV.IN Domain Registrar, National Informatics Centre (NIC), A4B4, 3rd Floor, A-Block, CGO Complex, Lodhi Road, New Delhi - 110003",011-24305112,Email: support[at]registry[dot]gov[dot]in Website: https://gov.in,support@registry.gov.in Website: https://gov.in,https://gov.in,
F84zv3QBGZk0jujBKgGW,Ministry of Coal,ug,,"Ministry of Coal, GPOA-3 Netaji Nagar, New Delhi - 110023",20903117,Email: Social Media: Website: https://coal.nic.in,Social Media: Website: https://coal.nic.in,https://coal.nic.in,
FM4zv3QBGZk0jujBKgGW,Ministry of Agriculture and Farmers Welfare,ug,,"Krishi Bhawan, New Delhi",23389340,Email: Social Media: Website:,Social Media: Website:,,
Fc4zv3QBGZk0jujBKgGW,Ministry of Chemicals and Fertilizers,ug,,"Ministry of Chemicals & Fertilizers, Dept. of Chemicals & Petrochemicals, 22019 (KB-II), Kartavya Bhawan, New Delhi-110001",011-23070712,011-23387892,hk.suanthang@nic.in,https://mocf.gov.in,
Fs4zv3QBGZk0jujBKgGW,Ministry of Civil Aviation,ug,,"Rajiv Gandhi Bhawan, Block B, Safdarjung Airport Area, New Delhi, 110003","24604283, 24695094",Email: webmaster-moca[at]gov[dot]in Website: https://www.civilaviation.gov.in,webmaster-moca@gov.in Website: https://www.civilaviation.gov.in,https://www.civilaviation.gov.in,
G84zv3QBGZk0jujBKgGW,Ministry of Corporate Affairs,ug,,"Ministry of Corporate Affairs, 3rd Floor, Kartavya Bhawan-1, New Delhi-110001",0120-4832500,Email: crc[dot]escalation[at]mca[dot]gov[dot]in Social Media: Website: https://www.mca.gov.in,crc.escalation@mca.gov.in,https://www.mca.gov.in,
GM4zv3QBGZk0jujBKgGW,Ministry of Commerce and Industry,ug,,"Vanijya Bhawan, New Delhi-110011",23062261,23063418,Social Media: Website: https://www.moci.gov.in,https://www.moci.gov.in,
Gc4zv3QBGZk0jujBKgGW,Ministry of Communications,ug,,"Sanchar Bhawan, 20 Ashoka Road, New Delhi- 110001",Fax: Email: Social Media: Website:,Email: Social Media: Website:,Social Media: Website:,,
Gs4zv3QBGZk0jujBKgGW,"Ministry of Consumer Affairs, Food and Public Distribution",ug,,"Room No. 546 C , Krishi Bhawan, New Delhi-110001",Fax: Email: Website:,Email: Website:,Website:,,
H84zv3QBGZk0jujBKgGW,"Ministry of Environment, Forest and Climate Change",ug,,"Indira Paryavaran Bhawan Jorbagh Road, New Delhi – 110 003","011-20819265, 011-20819277",Email: Social Media: Website: https://moef.gov.in,Social Media: Website: https://moef.gov.in,https://moef.gov.in,
HM4zv3QBGZk0jujBKgGW,Ministry of Culture,ug,,"Ministry of Culture, Government of India, Kartavya Bhawan 2, New Delhi - 110001","011-23382331, 011-24014307",Email: webmaster-culture[at]gov[dot]in Social Media: Website: https://culture.gov.in,webmaster-culture@gov.in,https://culture.gov.in,
Hc4zv3QBGZk0jujBKgGW,Ministry of Defence,ug,,"Ministry of Defence, Room No.305 - 'B' Wing, Sena Bhawan, New Delhi-110011",011-23793724,Email: Social Media: Website: https://www.mod.gov.in,Social Media: Website: https://www.mod.gov.in,https://www.mod.gov.in,
HdLWHHUBGGphvn7wG-2q,GOV.IN Registration Services,ug,,"GOV.IN Domain Registrar, National Informatics Centre (NIC), A4B4, 3rd Floor, A-Block, CGO Complex, Lodhi Road, New Delhi - 110003",011-24305112,Email: support[at]registry[dot]gov[dot]in Website: https://registry.gov.in,support@registry.gov.in Website: https://registry.gov.in,https://registry.gov.in,
Hs4zv3QBGZk0jujBKgGW,Ministry of Earth Sciences,ug,,"Ministry of Earth Sciences, Government of India, Prithvi Bhavan, Opp. India Habitat Centre, Lodhi Road, New Delhi - 110003",011-24669578,Email: Social Media: Website: https://moes.gov.in,Social Media: Website: https://moes.gov.in,https://moes.gov.in,
I84zv3QBGZk0jujBKgGW,Ministry of Health and Family Welfare,ug,,"Ministry of Health & Family Welfare, Room No. 11068, B-Wing, Kartavya Bhawan -1 New Delhi -110001","011-24013173, 011-24013174",Email: Social Media: Website: https://mohfw.gov.in,Social Media: Website: https://mohfw.gov.in,https://mohfw.gov.in,
IM4zv3QBGZk0jujBKgGW,Ministry of External Affairs,ug,,"SO (Vigilance Unit), CNV&I Division, Room No. 0168, Jawaharlal Nehru Bhawan, MEA, Janpath, New Delhi-110011","23383371, 23383373",Email: jsxp[at]mea[dot]gov[dot]in Social Media: Website: https://www.mea.gov.in,jsxp@mea.gov.in,https://www.mea.gov.in,
Ic4zv3QBGZk0jujBKgGW,Ministry of Finance,ug,,"Ministry of Finance, Department of Expenditure, Room No. : 16088, Kartavya Bhawan - I, New Delhi",011-24012028,Email: jsecoord-doe[at]gov[dot]in Social Media: Website: https://finmin.gov.in,jsecoord-doe@gov.in,https://finmin.gov.in,
Is4zv3QBGZk0jujBKgGW,Ministry of Food Processing Industries,ug,,"Panchsheel Bhawan, August Kranti Marg Khelgaon, New Delhi-110049",011-26406500,011-26493228,support-net@mofpi.gov.in,https://mofpi.gov.in,
J84zv3QBGZk0jujBKgGW,Ministry of Education,ug,,"Kartavya Bhawan 2, Central Secretariat, New Delhi-110001",Fax: Email: Social Media: Website: https://www.education.gov.in,Email: Social Media: Website: https://www.education.gov.in,Social Media: Website: https://www.education.gov.in,https://www.education.gov.in,
JM4zv3QBGZk0jujBKgGW,Ministry of Heavy Industries,ug,,"Room No. 123-B, Udyog Bhawan, Rafi Marg,New Delhi - 110011",23062714,23062714,ea.dhi@nic.in,https://heavyindustries.gov.in,
Jc4zv3QBGZk0jujBKgGW,Ministry of Home Affairs,ug,,Ministry of Home Affairs North Block New Delhi - 110001 India,Fax: Email: Social Media: Website: https://mha.gov.in,Email: Social Media: Website: https://mha.gov.in,Social Media: Website: https://mha.gov.in,https://mha.gov.in,
Js4zv3QBGZk0jujBKgGW,Ministry of Housing and Urban Affairs,ug,,"Sankalp Bhawan, GPOA-2, Pt. Ravi Shankar Shukla Lane, New Delhi-110001","011-23783038, 011-23783039",Email: jsnudm-mohua[at]gov[dot]in Social Media: Website: https://mohua.gov.in,jsnudm-mohua@gov.in,https://mohua.gov.in,
K84zv3QBGZk0jujBKgGW,Ministry of Mines,ug,,"Fourth Floor, GPOA-3, Netaji Nagar, Bhikaji Cama Place, New Delhi-110023",011-26773640,Email: it-mines[at]nic[dot]in Social Media: Website: https://mines.gov.in,it-mines@nic.in,https://mines.gov.in,
K9LWHHUBGGphvn7wG-2q,".IN Registry, National Internet eXchange of India (NIXI)",ug,,"9th Floor, B-Wing, Statesman House, 148, Barakhamba Road, New Delhi-110001 India","011-48202011, 011-48202000",011-48202013,registry@nixi.in,https://www.registry.in,
KM4zv3QBGZk0jujBKgGW,Ministry of Information and Broadcasting,ug,,"Ministry of Information and Broadcasting, Government of India, 3rd Floor, Kartavya Bhawan 2, New Delhi-110 001",011-24015809,Email: rk[dot]jena[at]gov[dot]in Social Media: Website: https://www.mib.gov.in,rk.jena@gov.in,https://www.mib.gov.in,
Kc4zv3QBGZk0jujBKgGW,Ministry of Labour and Employment,ug,,"Ministry of Labour & Employment Govt. of India, Shram Shakti Bhawan Rafi Marg. New Delhi-110001 India",Fax: Email: Social Media: Website: https://labour.gov.in,Email: Social Media: Website: https://labour.gov.in,Social Media: Website: https://labour.gov.in,https://labour.gov.in,
Ks4zv3QBGZk0jujBKgGW,Ministry of Law and Justice,ug,,"Ministry of Law and Justice, 4th Floor, Kartavya Bhawan - 2, New Delhi - 110001",011-24016097,Email: wim-dla[at]gov[dot]in Social Media: Website: https://lawmin.gov.in,wim-dla@gov.in,https://lawmin.gov.in,
L84zv3QBGZk0jujBKgGW,Ministry of Parliamentary Affairs,ug,,"Ministry of Parliamentary Affairs, 94, Samvidhan Sadan, New Delhi-110001",011-23034899,Email: mukesh[dot]kumar[dot]mopa[at]nic[dot]in Social Media: Website: https://www.mpa.gov.in,mukesh.kumar.mopa@nic.in,https://www.mpa.gov.in,
LKNfInUBxrox_NfiSIBI,Department of Fisheries,ug,,"Department of Fisheries, Ministry of Fisheries,Animal Husbandry and Dairying Krishi Bhawan, New Delhi - 110001",Fax: Email: Social Media: Website: https://dof.gov.in,Email: Social Media: Website: https://dof.gov.in,Social Media: Website: https://dof.gov.in,https://dof.gov.in,
LM4zv3QBGZk0jujBKgGW,Ministry of Minority Affairs,ug,,"Ministry of Minority Affairs 11th Floor, Pandit Deendayal Antyodaya Bhawan, CGO Complex, Lodhi Road, New Delhi-110003",Fax: Email: Social Media: Website: https://minorityaffairs.gov.in,Email: Social Media: Website: https://minorityaffairs.gov.in,Social Media: Website: https://minorityaffairs.gov.in,https://minorityaffairs.gov.in,
Lc4zv3QBGZk0jujBKgGW,Ministry of New and Renewable Energy,ug,,"Atal Akshaya Urja Bhawan, CGO Complex, Lodhi Road, New Delhi – 110003, India",Fax: Email: Social Media: Website: https://mnre.gov.in,Email: Social Media: Website: https://mnre.gov.in,Social Media: Website: https://mnre.gov.in,https://mnre.gov.in,
Ls4zv3QBGZk0jujBKgGW,Ministry of Panchayati Raj,ug,,"11th Floor, Jeevan Prakash Building, 25 K.G.Marg, New Delhi-110001",Fax: Email: nic-mopr[at]nic[dot]in Social Media: Website: https://panchayat.gov.in,Email: nic-mopr[at]nic[dot]in Social Media: Website: https://panchayat.gov.in,nic-mopr@nic.in,https://panchayat.gov.in,
M84zv3QBGZk0jujBKgGW,Ministry of Railways,ug,,"256-A, Raisina Road, Rajpath Area, Central Secretariat, New Delhi, 110001",Fax: Email: Social Media: Website: https://indianrailways.gov.in,Email: Social Media: Website: https://indianrailways.gov.in,Social Media: Website: https://indianrailways.gov.in,https://indianrailways.gov.in,
MM4zv3QBGZk0jujBKgGW,"Ministry of Personnel, Public Grievances and Pensions",ug,,"Department of Personnel & Training Ministry of Personnel, P G and Pensions Government of India Kartavya Bhavan-3, New Delhi -110001",011-23093668,Email: Social Media: Website: https://persmin.gov.in,Social Media: Website: https://persmin.gov.in,https://persmin.gov.in,
Mc4zv3QBGZk0jujBKgGW,Ministry of Petroleum and Natural Gas,ug,,"Ministry of Petroleum & Natural Gas, Kartavya Bhawan - 03, Janpath Road, New Delhi - 110001","011-24011101, 011-24011102",Email: Social Media: Website: https://mopng.gov.in,Social Media: Website: https://mopng.gov.in,https://mopng.gov.in,
Ms4zv3QBGZk0jujBKgGW,Ministry of Power,ug,,"Ministry of Power Govt. of India, Shram Shakti Bhawan, Rafi Marg, New Delhi-1",Fax: Email: Social Media: Website: https://powermin.gov.in,Email: Social Media: Website: https://powermin.gov.in,Social Media: Website: https://powermin.gov.in,https://powermin.gov.in,
NM4zv3QBGZk0jujBKgGW,Ministry of Rural Development,ug,,"Ministry of Rural Development Government of India, Kartavya Bhavan 3, Central Secretariat, New Delhi-110001",011-24011644,Email: jsit-mord[at]nic[dot]in Social Media: Website: https://www.rural.gov.in,jsit-mord@nic.in,https://www.rural.gov.in,
Nc4zv3QBGZk0jujBKgGW,Ministry of Science and Technology,ug,,"Technology Bhavan, New Mehrauli Road, New Delhi-110016",26590215,Email: ws-dst[at]gov[dot]in Social Media: Website: https://most.gov.in,ws-dst@gov.in,https://most.gov.in,
Ns4zv3QBGZk0jujBKgGW,Ministry of Road Transport and Highways,ug,,"Ministry of Road Transport & Highways, Transport Bhawan, 1, Parliament Street, New Delhi-110001",Fax: Email: js[dot]morth[at]gov[dot]in Social Media: Website: https://morth.gov.in,Email: js[dot]morth[at]gov[dot]in Social Media: Website: https://morth.gov.in,js.morth@gov.in,https://morth.gov.in,
O84zv3QBGZk0jujBKgGW,Ministry of Textiles,ug,,"Ministry of Textiles, Government of India, GPOA 3,5th Floor, Africa Avenue, Sector 55, Netaji Nagar, New Delhi-110023",011-23061380,Email: cc-textiles[at]gov[dot]in Social Media: Website: https://texmin.gov.in,cc-textiles@gov.in,https://texmin.gov.in,
Oc4zv3QBGZk0jujBKgGW,Ministry of Statistics and Programme Implementation,ug,,"Ministry of Statistics and Programme Implementation Khurshid Lal Bhawan, Janpath, New Delhi,110001",011-26194203,Email: webunit[dot]diid[at]mospi[dot]gov[dot]in Social Media: Website: https://www.mospi.gov.in,webunit.diid@mospi.gov.in,https://www.mospi.gov.in,
Os4zv3QBGZk0jujBKgGW,Ministry of Steel,ug,,"Ministry of Steel, 3rd Floor, GPOA - 3, Netaji Nagar, New Delhi - 110023",011-24155761,Email: itgs-steel[at]gov[dot]in Social Media: Website: https://steel.gov.in,itgs-steel@gov.in,https://steel.gov.in,
P84zv3QBGZk0jujBKgGW,Ministry of Women and Child Development,ug,,"Ministry of Women and Child Development, Government of India, GPOA 3 Netaji Nagar, Bhikaji Cama Place, New Delhi - 110023",011-26773507,Email: mwcd-itdivision[at]gov[dot]in Social Media: Website: https://wcd.gov.in,mwcd-itdivision@gov.in,https://wcd.gov.in,
P9e83XQBYNG-XPnvjOsx,Department of Agricultural Research and Education,ug,,"Krishi Anusandhan Bhawan, New Delhi – 110012",Fax: Email: Social Media: Website: https://dare.gov.in,Email: Social Media: Website: https://dare.gov.in,Social Media: Website: https://dare.gov.in,https://dare.gov.in,
PM4zv3QBGZk0jujBKgGW,Ministry of Tourism,ug,,"Room No.119, Transport Bhawan, 1, Parliament Street, New Delhi - 110 001",011-23321380,Email: js[dot]tourism[at]gov[dot]in Social Media: Website: https://tourism.gov.in,js.tourism@gov.in,https://tourism.gov.in,
Pc4zv3QBGZk0jujBKgGW,Ministry of Tribal Affairs,ug,,"Kartavya Path, Rajpath Area, Central Secretariat, Kartavya Bhawan- 01, New Delhi-110001",011-24013712,Email: Social Media: Website: https://tribal.gov.in,Social Media: Website: https://tribal.gov.in,https://tribal.gov.in,
Q84zv3QBGZk0jujBKgGW,Ministry of Development of North Eastern Region,ug,,"Ministry of Development of North Eastern Region, Jodhpur Officers Hostel, Block-12-A, Room No-14, C-Hexagaon, India Gate Circle, Pandara Park, New Delhi-110003","21510618, 21410932",Email: stats-mdoner[at]gov[dot]in Social Media: Website: https://mdoner.gov.in,stats-mdoner@gov.in,https://mdoner.gov.in,
Q9e83XQBYNG-XPnvjOsx,Department of Pharmaceuticals,ug,,"Department of Pharmaceuticals, Ministry of Chemicals & Fertilizers, Room No. 340B, A-Wing, 3rd Floor, Shastri Bhawan, New Delhi-110001",011-23381927,Email: srea-dop[at]gov[dot]in Social Media: Website: https://pharma-dept.gov.in,srea-dop@gov.in,https://pharma-dept.gov.in,
QAWg4YgBF92NGf8XN8qA,9 Years of Government,ug,,"Office of CEO, MyGov 3rd Floor, Room no-3015 Ministry of Electronics and Information Technology (Government of India) Electronics Niketan, 6, CGO Complex, Lodhi Road, New Delhi - 110003, India","011-24301815, 011-24364706",Email: Social Media: Website: https://static.mygov.in/archive/9years/index.html,Social Media: Website: https://static.mygov.in/archive/9years/index.html,https://static.mygov.in/archive/9years/index.html,
QM4zv3QBGZk0jujBKgGW,Ministry of Youth Affairs and Sports,ug,,"Room No. 7201, 7th Floor, Zone-06, GPOA-3, Netaji Nagar, Africa Avenue, New Delhi - 110023",Fax: Email: cmc-dos[at]gov[dot]in Social Media: Website: https://yas.gov.in,Email: cmc-dos[at]gov[dot]in Social Media: Website: https://yas.gov.in,cmc-dos@gov.in,https://yas.gov.in,
QNe83XQBYNG-XPnvjOsx,Department of Agriculture and Farmers Welfare,ug,,"Department of Agriculture and farmer welfare Ministry of Agriculture and Farmers Welfare Room No 131, Krishi Bhawan",01123385093,Email: Social Media: Website: https://agriwelfare.gov.in,Social Media: Website: https://agriwelfare.gov.in,https://agriwelfare.gov.in,
Qc4zv3QBGZk0jujBKgGW,Department of Atomic Energy,ug,,"102, Anushakti Bhavan, Department of Atomic Energy, CSM Marg, Mumbai-400001",Fax: Email: Social Media: Website: https://dae.gov.in,Email: Social Media: Website: https://dae.gov.in,Social Media: Website: https://dae.gov.in,https://dae.gov.in,
Qde83XQBYNG-XPnvjOsx,Department of Chemicals and Petro-Chemicals,ug,,"Ministry of Chemicals & Fertilizers, Dept. of Chemicals & Petrochemicals, 22019 (KB-II), Kartavya Bhawan, New Delhi-110001",011-24015639,Email: divya[dot]parmar[at]gov[dot]in Social Media: Website: https://chemicals.gov.in,divya.parmar@gov.in,https://chemicals.gov.in,
Qs4zv3QBGZk0jujBKgGW,Department of Space,ug,,"ISRO Headquarters Antariksh Bhavan, New BEL Road Bengaluru-560 094",080-22172119,Email: Social Media: Website: https://www.dos.gov.in,Social Media: Website: https://www.dos.gov.in,https://www.dos.gov.in,
Qte83XQBYNG-XPnvjOsx,Department of Fertilizers,ug,,"Department of Fertilizers, Government of India, Ministry of Chemicals and Fertilizers, Shastri Bhawan, New Delhi - 110001",011-23382552,Email: Social Media: Website: https://fert.gov.in,Social Media: Website: https://fert.gov.in,https://fert.gov.in,
QwWk4YgBF92NGf8XsMoK,MyGov Saathi,ug,,"Office of CEO, MyGov 3rd Floor, Room no-3015 Ministry of Electronics and Information Technology (Government of India) Electronics Niketan, 6, CGO Complex, Lodhi Road, New Delhi - 110003, India","011-24301815, 011-24364706",Email: Social Media: Website: https://saathi.mygov.in,Social Media: Website: https://saathi.mygov.in,https://saathi.mygov.in,
R84zv3QBGZk0jujBKgGW,Ministry of Skill Development and Entrepreneurship,ug,,"Ministry of Skill Development and Entrepreneurship, Government of India, Kaushal Bhawan, New Moti Bagh, New Delhi - 1100231",011-26773219,Email: contactmsde[at]gov[dot]in Social Media: Website: https://www.msde.gov.in,contactmsde@gov.in,https://www.msde.gov.in,
R9e83XQBYNG-XPnvjOsx,Department of Telecommunications,ug,,"Ministry of Communications Department of Telecommunications Sanchar Bhawan, 20 Ashoka Road New Delhi- 110001",011-23372071,Email: Social Media: Website: https://www.dot.gov.in,Social Media: Website: https://www.dot.gov.in,https://www.dot.gov.in,
RM4zv3QBGZk0jujBKgGW,Ministry of Electronics and Information Technology,ug,,"Ministry of Electronics and Information Technology (Government of India) Electronics Niketan, 6, CGO Complex, Lodhi Road, New Delhi - 110003","011-24361756, 011-24364751",Email: webmaster[at]meity[dot]gov[dot]in Social Media: Website: https://meity.gov.in,webmaster@meity.gov.in,https://meity.gov.in,
Rc4zv3QBGZk0jujBKgGW,Ministry of AYUSH,ug,,"Ministry of AYUSH, Ayush Bhawan, B Block, GPO Complex, INA, New Delhi - 110023",011-24651942,Email: support-moayush[at]nic[dot]in Social Media: Website: https://ayush.gov.in,support-moayush@nic.in,https://ayush.gov.in,
Rde83XQBYNG-XPnvjOsx,Department of Commerce,ug,,"Ministry of Commerce and Industry, Vanijya Bhawan, New Delhi 110011",011-23038529,Email: itcell-doc[at]nic[dot]in Social Media: Website: https://commerce.gov.in,itcell-doc@nic.in,https://commerce.gov.in,
Rs4zv3QBGZk0jujBKgGW,"Ministry of Ports, Shipping and Waterways",ug,,"Ministry of Ports, Shipping and Waterways, Transport Bhawan, 1, Parliament Street, New Delhi-110001",011-23350649,Email: dirsm1-psw[at]gov[dot]in Social Media: Website: https://shipmin.gov.in,dirsm1-psw@gov.in,https://shipmin.gov.in,
Rte83XQBYNG-XPnvjOsx,Department of Posts,ug,,Postal Directorate Dak Bhavan New Delhi 110001,Fax: Email: Social Media: Website: https://www.indiapost.gov.in,Email: Social Media: Website: https://www.indiapost.gov.in,Social Media: Website: https://www.indiapost.gov.in,https://www.indiapost.gov.in,
S9e83XQBYNG-XPnvjOsx,Department of Defence Production,ug,,"11-A, South Block, New Delhi-110011",011-23013705,Email: dir-coord[at]ddpmod[dot]gov[dot]in Social Media: Website: https://ddpmod.gov.in,dir-coord@ddpmod.gov.in,https://ddpmod.gov.in,
SI7dxHQBnHZIjqMuV49J,Department of Animal Husbandry and Dairying,ug,,"Department of Animal Husbandry and Dairying, Ministry of Fisheries,Animal Husbandry and Dairying Krishi Bhawan, New Delhi - 110001",011-23389620,Email: gn[dot]singh13[at]nic[dot]in Social Media: Website: https://dahd.gov.in,gn.singh13@nic.in,https://dahd.gov.in,
SM4zv3QBGZk0jujBKgGW,"Ministry of Fisheries, Animal Husbandry and Dairying",ug,,"Department of Animal Husbandry and Dairying, Ministry of Fisheries,Animal Husbandry and Dairying Krishi Bhawan, New Delhi - 110001",011-23389620,Email: gn[dot]singh13[at]nic[dot]in Social Media: Website:,gn.singh13@nic.in,,
SNe83XQBYNG-XPnvjOsx,Department of Consumer Affairs,ug,,"Department of Consumer Affairs Room No. 456 C , Krishi Bhawan New Delhi 110001",011-23386189,Email: Social Media: Website: https://doca.gov.in,Social Media: Website: https://doca.gov.in,https://doca.gov.in,
Sde83XQBYNG-XPnvjOsx,Department of Food and Public Distribution,ug,,"Department of Food and Public Distribution Ministry of Consumer Affairs, Food and Public Distribution Department of Food & PD Krishi Bhawan, New Delhi - 110001.",Fax: Email: Social Media: Website: https://dfpd.gov.in,Email: Social Media: Website: https://dfpd.gov.in,Social Media: Website: https://dfpd.gov.in,https://dfpd.gov.in,
Ste83XQBYNG-XPnvjOsx,Department of Defence,ug,,"Room No. 6-A, South Block, New Delhi - 110011",011-23015444,Email: jse[at]nic[dot]in Social Media: Website: https://www.mod.gov.in/dod,jse@nic.in,https://www.mod.gov.in/dod,
T9e83XQBYNG-XPnvjOsx,Department of Higher Education,ug,,"Department of Higher Education, Kartavya Bhawan 2, Central Secretariat, New Delhi-110001",011-20862081,Email: navanita[dot]gogoi[at]nic[dot]in Social Media: Website: https://www.dohe-education.gov.in,navanita.gogoi@nic.in,https://www.dohe-education.gov.in,
TNe83XQBYNG-XPnvjOsx,Department of Defence Research and Development,ug,,"DRDO Bhawan, Rajaji Marg, New Delhi-110011",Fax: Email: Social Media: Website: https://drdo.gov.in/drdo,Email: Social Media: Website: https://drdo.gov.in/drdo,Social Media: Website: https://drdo.gov.in/drdo,https://drdo.gov.in/drdo,
Tde83XQBYNG-XPnvjOsx,Department of Ex-Servicemen Welfare,ug,,"99-A, South Block New Delhi-110011","011-23011804, 011-23015933",Email: Social Media: Website: https://www.desw.gov.in,Social Media: Website: https://www.desw.gov.in,https://www.desw.gov.in,
U9e83XQBYNG-XPnvjOsx,Department of Financial Services,ug,,"Department of Financial Services Ministry of Finance 3rd Floor, Jeevan Deep Building Sansad Marg New Delhi-110001","011-23742207, 011-23360250",Email: Social Media: Website: https://financialservices.gov.in,Social Media: Website: https://financialservices.gov.in,https://financialservices.gov.in,
UNe83XQBYNG-XPnvjOsx,Department of School Education and Literacy,ug,,"Department of School Education & Literacy, Kartavya Bhawan 2, Central Secretariat, New Delhi-110001",011-24015432,Email: srija[dot]a[at]gov[dot]in Social Media: Website: https://dsel.education.gov.in,srija.a@gov.in,https://dsel.education.gov.in,
Ude83XQBYNG-XPnvjOsx,Department of Economic Affairs,ug,,"Department Of Economic Affairs, Kartavya Bhawan - 1, New Delhi-110001","011-23701037, 011-23701038",Email: Social Media: Website: https://dea.gov.in,Social Media: Website: https://dea.gov.in,https://dea.gov.in,
Ute83XQBYNG-XPnvjOsx,Department of Expenditure,ug,,"Ministry of Finance, Department of Expenditure, Room No. : 16088, Kartavya Bhawan - I, New Delhi",011-24012028,Email: jsecoord-doe[at]gov[dot]in Social Media: Website: https://doe.gov.in,jsecoord-doe@gov.in,https://doe.gov.in,
VNe83XQBYNG-XPnvjOsx,Department of Investment and Public Asset Management,ug,,"Room No 408, 4th Floor Block No. 11 CGO Complex, Lodhi Road New Delhi - 110003",011-24366523,Email: Social Media: Website: https://dipam.gov.in,Social Media: Website: https://dipam.gov.in,https://dipam.gov.in,
Vde83XQBYNG-XPnvjOsx,Department of Revenue,ug,,"Ministry of Finance Department of Revenue Room No.Room No. 14081, Kartavya Bhawan - I, New Delhi","011-24012470, 011-24012471",Email: dirnc-dor[at]nic[dot]in Social Media: Website: https://dor.gov.in,dirnc-dor@nic.in,https://dor.gov.in,
W9e83XQBYNG-XPnvjOsx,Department of Public Enterprises,ug,,"Department Of Public Enterprises Block No. 14, CGO Complex, New Delhi-110003",011-24360672,Email: Social Media: Website: https://dpe.gov.in,Social Media: Website: https://dpe.gov.in,https://dpe.gov.in,
WNe83XQBYNG-XPnvjOsx,Department of Health and Family Welfare,ug,,"Ministry of Health & Family Welfare, Room No. 11068, B-Wing, Kartavya Bhawan -1 New Delhi -110001","011-24013173, 011-24013174",Email: Social Media: Website: https://www.mohfw-dohfw.gov.in,Social Media: Website: https://www.mohfw-dohfw.gov.in,https://www.mohfw-dohfw.gov.in,
WQOeFYUB77KrIrzW29dC,MyGov Karnataka,sg,KA,"Karnataka MyGov Team Chief Secretary Office Room No. 320, 3rd floor, Vidhanasoudha, Bangalore-01",Fax: Email: cs[at]karnataka[dot]gov[dot]in Website: https://karnataka.mygov.in,Email: cs[at]karnataka[dot]gov[dot]in Website: https://karnataka.mygov.in,cs@karnataka.gov.in Website: https://karnataka.mygov.in,https://karnataka.mygov.in,
Wde83XQBYNG-XPnvjOsx,Department of Health Research,ug,,"Department of Health Research 2nd Floor, IRCS Building, 1, Red Cross Road, New Delhi - 110001.",Fax: Email: Social Media: Website: https://dhr.gov.in,Email: Social Media: Website: https://dhr.gov.in,Social Media: Website: https://dhr.gov.in,https://dhr.gov.in,
X9e83XQBYNG-XPnvjOsx,Department of Home,ug,,Phone No: Fax: Email: Social Media: Website:,Fax: Email: Social Media: Website:,Email: Social Media: Website:,Social Media: Website:,,
Xte83XQBYNG-XPnvjOsx,Department of Border Management,ug,,Phone No: Fax: Email: Website:,Fax: Email: Website:,Email: Website:,Website:,,
YQUjYIQBF92NGf8XoaQ6,Department of Military Affairs,ug,,"Kartavya Bhawan-II, New Delhi - 110011",Fax: Email: helpdesk-dma[at]gov[dot]in Social Media: Website: https://dmamod.gov.in,Email: helpdesk-dma[at]gov[dot]in Social Media: Website: https://dmamod.gov.in,helpdesk-dma@gov.in,https://dmamod.gov.in,
Yte83XQBYNG-XPnvjOsx,Department of Official Language,ug,,"NDCC-II Bhawan, 'B' Wing 4th Floor, Jai Singh Road New Delhi - 110001",011-23438130,Email: Social Media: Website: https://rajbhasha.gov.in,Social Media: Website: https://rajbhasha.gov.in,https://rajbhasha.gov.in,
Z9e83XQBYNG-XPnvjOsx,Department of Legal Affairs,ug,,"Ministry of Law and Justice, Department of Legal Affairs, 4th Floor, Kartavya Bhawan - 2, New Delhi - 110 001",011-24016097,Email: wim-dla[at]gov[dot]in Social Media: Website: https://legalaffairs.gov.in,wim-dla@gov.in,https://legalaffairs.gov.in,
ZNe83XQBYNG-XPnvjOsx,Department of Drinking Water and Sanitation,ug,,"Office of Secretary (DWS) Department of Drinking Water and Sanitation Ministry Of Jal Shakti Govt. of India, C Wing, 4th Floor, Pandit Deendayal Antyodaya Bhawan, CGO Complex Lodhi Road, New Delhi - 110003",011-24361672,011-24361669,Social Media: Website: https://www.jalshakti-ddws.gov.in,https://www.jalshakti-ddws.gov.in,
Zde83XQBYNG-XPnvjOsx,"Department of Water Resources, River Development and Ganga Rejuvenation",ug,,"e-Gov Cell, 6th Floor Cabin, Shram Shakti Bhawan, Rafi Marg, New Delhi - 110001",Fax: Email: Social Media: Website: https://www.jalshakti-dowr.gov.in,Email: Social Media: Website: https://www.jalshakti-dowr.gov.in,Social Media: Website: https://www.jalshakti-dowr.gov.in,https://www.jalshakti-dowr.gov.in,
ZmQzG3sBNf80hyXhNfrU,Department for Promotion of Industry and Internal Trade,ug,,"Udyog / Vanijya Bhawan, New Delhi 110011",23038871,Email: rajeshkr[dot]sinha[at]nic[dot]in Social Media: Website: https://dpiit.gov.in,rajeshkr.sinha@nic.in,https://dpiit.gov.in,
Zte83XQBYNG-XPnvjOsx,Department of Justice,ug,,"Room No. 12-A, Jaisalmer House, 26, Mansingh Road, New Delhi-110001",011-23383037,Email: jsapp-doj[at]gov[dot]in Social Media: Website: https://www.doj.gov.in,jsapp-doj@gov.in,https://www.doj.gov.in,
a9e83XQBYNG-XPnvjOsx,Department of Personnel and Training,ug,,"Department of Personnel & Training Ministry of Personnel, P G and Pensions Government of India, Kartavya Bhavan-3, New Delhi -110001",011-23093668,Email: Social Media: Website: https://dopt.gov.in,Social Media: Website: https://dopt.gov.in,https://dopt.gov.in,
aNJDHHUBGGphvn7wU-S7,"Ministry of Micro, Small & Medium Enterprises",ug,,"Ministry of Micro, Small and Medium Enterprises, Kartavya Bhawan-03, Kartavya Path, New Delhi - 110001",011-24011283,Email: Social Media: Website: https://msme.gov.in,Social Media: Website: https://msme.gov.in,https://msme.gov.in,
aNe83XQBYNG-XPnvjOsx,Legislative Department,ug,,"Legislative Department, Ministry of Law and Justice, Government of India, Kartavya Bhawan-II, New Delhi",011-24016060,Email: atulkr[dot]singh[at]gov[dot]in Social Media: Website: https://legislative.gov.in,atulkr.singh@gov.in,https://legislative.gov.in,
ade83XQBYNG-XPnvjOsx,Department of Administrative Reforms and Public Grievances,ug,,"Department of Administrative Reforms and Public Grievances, 5th Floor, Sardar Patel Bhawan, Sansad Marg, New Delhi-110001",011-23360331,Email: Social Media: Website: https://darpg.gov.in,Social Media: Website: https://darpg.gov.in,https://darpg.gov.in,
ate83XQBYNG-XPnvjOsx,Department of Pension & Pensioner's Welfare,ug,,"Department of Pension & Pensioners' Welfare, 3rd Floor, A Wing, Loknayak Bhawan, Khan Market New Delhi - 110001",Fax: Email: Social Media: Website: https://www.doppw.gov.in,Email: Social Media: Website: https://www.doppw.gov.in,Social Media: Website: https://www.doppw.gov.in,https://www.doppw.gov.in,
b9e83XQBYNG-XPnvjOsx,Department of Science and Technology,ug,,"Department of Science & Technology, Technology Bhavan, New Mehrauli Road,, New Delhi-110 016.",Fax: Email: Social Media: Website: https://dst.gov.in,Email: Social Media: Website: https://dst.gov.in,Social Media: Website: https://dst.gov.in,https://dst.gov.in,
bNe83XQBYNG-XPnvjOsx,Department of Land Resources,ug,,"Kartavya Bhavan-03, Kartavya Path, Rajpath Area, Central Secretariat, New Delhi, -110001","24011520, 24011521",Email: pka[dot]kareem[at]nic[dot]in Social Media: Website: https://dolr.gov.in,pka.kareem@nic.in,https://dolr.gov.in,
bqNEInUBxrox_Nfi_36z,MyGov Uttarakhand,sg,UK,"Information Technology Development Agency (ITDA) Department of Information Science & Technology, (Government of Uttarakhand) Plot No. 07, IT Bhawan, IT Park",9634618179,Email: itda[dot]uk1[at]gmail[dot]com Website: https://uttarakhand.mygov.in,itda.uk1@gmail.com Website: https://uttarakhand.mygov.in,https://uttarakhand.mygov.in,
c9e83XQBYNG-XPnvjOsx,Department of Sports,ug,,"Room No. 7201, 7th Floor, Zone-06, GPOA-3, Netaji Nagar, Africa Avenue, New Delhi - 110023",Fax: Email: dbt[dot]sports[at]gov[dot]in Social Media: Website: https://dbtyas-sports.gov.in,Email: dbt[dot]sports[at]gov[dot]in Social Media: Website: https://dbtyas-sports.gov.in,dbt.sports@gov.in,https://dbtyas-sports.gov.in,
cNe83XQBYNG-XPnvjOsx,Department of Scientific and Industrial Research,ug,,"Department of Scientific & Industrial Research (DSIR) Technology Bhawan, New Mehrauli Road New Delhi-110016. INDIA","011-26567078, 011-26562160",011-26516078,Social Media: Website: https://www.dsir.gov.in,https://www.dsir.gov.in,
c_PEC3wBnAUp6yMBzd79,MyGov Arunachal Pradesh,sg,AR,"6th Floor, Block -2 Itanagar – 791111 Arunachal Pradesh",0360-2212915,Email: cmoffice-arn[at]gov[dot]in Website: https://arunachal.mygov.in,cmoffice-arn@gov.in Website: https://arunachal.mygov.in,https://arunachal.mygov.in,
cde83XQBYNG-XPnvjOsx,Department of Empowerment of Persons with Disabilities,ug,,"Department of Empowerment of Persons with Disabilities Ministry of Social Justice Empowerment, Room No. : New Delhi - 110003 (India)",Fax: Email: Social Media: Website: https://depwd.gov.in,Email: Social Media: Website: https://depwd.gov.in,Social Media: Website: https://depwd.gov.in,https://depwd.gov.in,
cte83XQBYNG-XPnvjOsx,Department of Social Justice and Empowerment,ug,,"Room No. 637, A-Wing, Shastri Bhawan, New Delhi - 110001",Fax: Email: Social Media: Website: https://socialjustice.gov.in,Email: Social Media: Website: https://socialjustice.gov.in,Social Media: Website: https://socialjustice.gov.in,https://socialjustice.gov.in,
d9KpHHUBGGphvn7w1-jZ,Department of Biotechnology,ug,,"6th-8th Floor, Block 2 and 4th-5th Floor, Block 3 CGO Complex, Lodhi Road New Delhi - 110 003",24363725,Email: webupload[at]dbt[dot]nic[dot]in Social Media: Website: https://dbt.gov.in,webupload@dbt.nic.in,https://dbt.gov.in,
dNe83XQBYNG-XPnvjOsx,Department of Youth Affairs,ug,,"6th Floor, Zone-02 GPOA-3 Netaji Nagar, Africa Avenue Road New Delhi- 110023",011-26112897,Email: Social Media: Website: https://yas.gov.in/youth,Social Media: Website: https://yas.gov.in/youth,https://yas.gov.in/youth,
eqNfInUBxrox_NfiSIBI,Ministry of Jal Shakti,ug,,"e-Governance Cell, 6th Floor Cabin, Shram Shakti Bhawan, Rafi Marg, New Delhi – 110001",Fax: Email: egov-mowr[at]nic[dot]in Social Media: Website: https://jalshakti.gov.in,Email: egov-mowr[at]nic[dot]in Social Media: Website: https://jalshakti.gov.in,egov-mowr@nic.in,https://jalshakti.gov.in,
ewWaFYUBF92NGf8XQar-,MyGov Jammu and Kashmir,sg,JK,Dr. Rajinder Kumar Khajuria Additional Secretary Information Technology Department UT of Jammu and Kashmir India,Fax: Email: addsecy[dot]itd[at]jk[dot]gov[dot]in Website: https://jk.mygov.in,Email: addsecy[dot]itd[at]jk[dot]gov[dot]in Website: https://jk.mygov.in,addsecy.itd@jk.gov.in Website: https://jk.mygov.in,https://jk.mygov.in,
f47dxHQBnHZIjqMuV49J,Department of Rural Development,ug,,"Department of of Rural Development, Government of India, Kartavya Bhavan 3, Central Secretariat, New Delhi-110001",24011644,Email: jsit-mord[at]nic[dot]in Website: https://www.dord.gov.in,jsit-mord@nic.in Website: https://www.dord.gov.in,https://www.dord.gov.in,
fPMTDHwBnAUp6yMBbt4p,MyGov Goa,sg,GA,"Director- Dept. of Information Technology 2nd Floor IT Hub, Altinho, Panaji, Goa – 403001",Fax: Email: goa[dot]mygov[at]gov[dot]in Website: https://goa.mygov.in,Email: goa[dot]mygov[at]gov[dot]in Website: https://goa.mygov.in,goa.mygov@gov.in Website: https://goa.mygov.in,https://goa.mygov.in,
ftJDHHUBGGphvn7wU-O6,MyGov India,ug,,"Office of CEO, MyGov 3rd Floor, Room no-3015 Ministry of Electronics and Information Technology (Government of India) Electronics Niketan, 6, CGO Complex, Lodhi Road, New Delhi - 110003, India","011-24301815, 011-24364706",Email: Social Media: Website: https://www.mygov.in,Social Media: Website: https://www.mygov.in,https://www.mygov.in,
g_MfDHwBnAUp6yMBZt72,MyGov Manipur,sg,MN,"New Secretariat, Western Block Manipur State Data Centre, Ground Floor Indo-Myanmar Road, Babupara, Imphal, Manipur 795001",Fax: Email: mygov-manipur[at]gov[dot]in Website: https://manipur.mygov.in,Email: mygov-manipur[at]gov[dot]in Website: https://manipur.mygov.in,mygov-manipur@gov.in Website: https://manipur.mygov.in,https://manipur.mygov.in,
h_MtDHwBnAUp6yMBDN5c,MyGov Tamil Nadu,sg,TN,"2nd & 7th Floor, P.T.LEE Chengalvaraya Naicker Building, Anna Salai, Chennai - 600 002. Opt. LIC Building",91-44-40164907,Email: tnega[at]tn[dot]gov[dot]in Website: https://tamilnadu.mygov.in,tnega@tn.gov.in Website: https://tamilnadu.mygov.in,https://tamilnadu.mygov.in,
hvMrDHwBnAUp6yMBlN61,MyGov Uttar Pradesh,sg,UP,"Information and Public Relations Department (Govt of Uttar Pradesh) Lok Bhawan, Lucknow, 226001","9415007695, 9455187348",Email: upsoochna[at]gmail[dot]com Website: https://up.mygov.in,upsoochna@gmail.com Website: https://up.mygov.in,https://up.mygov.in,
ifMvDHwBnAUp6yMB5N72,MyGov Chhattisgarh,sg,CG,"Chhattisgarh Infotech Promotion Society (CHiPS), 3rd Floor, State Data Centre Building, Opp. New Circuit House, Civil Lines, Raipur-492001 Chhattisgarh","0771-4014158, 0771-4023123",0771-4066205,ceochips@nic.in Website: https://chhattisgarh.mygov.in,https://chhattisgarh.mygov.in,
j_NHDHwBnAUp6yMBAt4u,Innovate India (MyGov),ug,,"Office of CEO, MyGov 3rd Floor, Room no-3015 Ministry of Electronics and Information Technology (Government of India) Electronics Niketan, 6, CGO Complex, Lodhi Road, New Delhi - 110003, India","011-24301815, 011-24364706",Email: Website: https://innovateindia.mygov.in,Website: https://innovateindia.mygov.in,https://innovateindia.mygov.in,
jfNCDHwBnAUp6yMBht5X,Transforming India (MyGov),ug,,"Office of CEO, MyGov 3rd Floor, Room no-3015 Ministry of Electronics and Information Technology (Government of India) Electronics Niketan, 6, CGO Complex, Lodhi Road, New Delhi - 110003, India","011-24301815, 011-24364706",Email: Website: https://transformingindia.mygov.in,Website: https://transformingindia.mygov.in,https://transformingindia.mygov.in,
kfNJDHwBnAUp6yMBp97V,Blog (MyGov),ug,,"Office of CEO, MyGov 3rd Floor, Room no-3015 Ministry of Electronics and Information Technology (Government of India) Electronics Niketan, 6, CGO Complex, Lodhi Road, New Delhi - 110003, India","011-24301815, 011-24364706",Email: Website: https://blog.mygov.in,Website: https://blog.mygov.in,https://blog.mygov.in,
l0nPCIcBlHCxpSX6POcf,MyGov India-Hindi,ug,,"Office of CEO, MyGov 3rd Floor, Room no-3015","011-24301815, 011-24364706",Email: Social Media: Website: https://xn--11b3cgab9b4bm5d.xn--h2brj9c/hi,Social Media: Website: https://xn--11b3cgab9b4bm5d.xn--h2brj9c/hi,https://xn--11b3cgab9b4bm5d.xn--h2brj9c/hi,
lPNYDHwBnAUp6yMBdd74,Pledge (MyGov),ug,,"Office of CEO, MyGov 3rd Floor, Room no-3015 Ministry of Electronics and Information Technology (Government of India) Electronics Niketan, 6, CGO Complex, Lodhi Road, New Delhi - 110003, India","011-24301815, 011-24364706",Email: Website: https://pledge.mygov.in,Website: https://pledge.mygov.in,https://pledge.mygov.in,
lQXXCIcBF92NGf8Xd7iY,MyGov Rajasthan,sg,RJ,"Department of Information Technology & Communication (DoIT&C) IT Building, Yojana Bhawan, Tilak Marg, C-Scheme, Jaipur-302005",Fax: Email: chhabrasuneel[at]rajasthan[dot]gov[dot]in Website: https://rajasthan.mygov.in,Email: chhabrasuneel[at]rajasthan[dot]gov[dot]in Website: https://rajasthan.mygov.in,chhabrasuneel@rajasthan.gov.in Website: https://rajasthan.mygov.in,https://rajasthan.mygov.in,
lvNbDHwBnAUp6yMBWd4K,AatmaNirbharBharat (MyGov),ug,,"Office of CEO, MyGov 3rd Floor, Room no-3015 Ministry of Electronics and Information Technology (Government of India) Electronics Niketan, 6, CGO Complex, Lodhi Road, New Delhi - 110003, India","011-24301815, 011-24364706",Email: Website: https://aatmanirbharbharat.mygov.in,Website: https://aatmanirbharbharat.mygov.in,https://aatmanirbharbharat.mygov.in,
mwX0CIcBF92NGf8X_7jI,MyGov Ladakh,sg,LA,"Department of Information Technology, Civil Secretariat Leh, Ladakh - 194101",01982-259305,Email: abdulmajid[dot]77[at]jk[dot]gov[dot]in Website: https://ladakh.mygov.in,abdulmajid.77@jk.gov.in Website: https://ladakh.mygov.in,https://ladakh.mygov.in,
nkngCIcBlHCxpSX6W-c2,MyGov Mizoram,sg,MZ,"Directorate of Information & Communication Technology, Government of Mizoram, Old Secretariat Building - I, Treasury Square, Aizawl - 796001, Mizoram",9436140113,Email: cio[dot]ict[at]mizoram[dot]gov[dot]in Website: https://mizoram.mygov.in,cio.ict@mizoram.gov.in Website: https://mizoram.mygov.in,https://mizoram.mygov.in,
nxKd9XkBmn7FjzzhzCSZ,Ministry of Social Justice and Empowerment,ug,,"Room No. 637, A-Wing, Shastri Bhawan, New Delhi - 110001",Fax: Email: Social Media: Website:,Email: Social Media: Website:,Social Media: Website:,,
pmXOC3wBNf80hyXhGwE8,MyGov Assam,sg,AS,"CM Block Assam MyGov Team 4th Floor Janata Bhawan Dispur, Guwahati:781006, Assam, India",Fax: Email: cm[at]assam[dot]gov[dot]in Website: https://assam.mygov.in,Email: cm[at]assam[dot]gov[dot]in Website: https://assam.mygov.in,cm@assam.gov.in Website: https://assam.mygov.in,https://assam.mygov.in,
r2UnDHwBNf80hyXhqgGJ,MyGov Nagaland,sg,NL,Chief Secretary Office Nagaland Civil Secretariat Kohima -797001 Nagaland,Fax: Email: nagaland[dot]mygov[at]gov[dot]in Website: https://nagaland.mygov.in,Email: nagaland[dot]mygov[at]gov[dot]in Website: https://nagaland.mygov.in,nagaland.mygov@gov.in Website: https://nagaland.mygov.in,https://nagaland.mygov.in,
rGUhDHwBNf80hyXhcgHi,MyGov Tripura,sg,TR,"Chief Minster’s Secretariat Room No. 301, Block -1 State Civil Secretariat, New Capital Complex. PO- Kunjaban, PIN – 799010 Agartala, Tripura",0381-2414077,Email: Website: https://tripura.mygov.in,Website: https://tripura.mygov.in,https://tripura.mygov.in,
rWUlDHwBNf80hyXhZgFD,MyGov Jharkhand,sg,JH,"JAP-IT Jharkhand Agency for Promotion of Information Technology (An Autonomous body under Department of Information Technology, Govt. of jharkhand) Ground Floor, Engineering Hostel-1, Near Golchakkar, Dhurwa, Ranchi, Jharkhand","0651-2401040, 0651-2401067",Email: connect[at]mygov[dot]nic[dot]in Website: https://jharkhand.mygov.in,connect@mygov.nic.in Website: https://jharkhand.mygov.in,https://jharkhand.mygov.in,
sWUpDHwBNf80hyXhgwHN,MyGov Himachal Pradesh,sg,HP,"Office of CEO, MyGov, 3rd Floor, Department of Information Technology, Government of Himachal Pradesh, IT Bhawan, Mehli, Shimla - 171013 India",0177-2628915,Email: connect[at]himachal[dot]mygov[dot]nic[dot]in Website: https://himachal.mygov.in,connect@himachal.mygov.nic.in Website: https://himachal.mygov.in,https://himachal.mygov.in,
t2VFDHwBNf80hyXhlQGF,Quiz (MyGov),ug,,"Office of CEO, MyGov 3rd Floor, Room no-3015 Ministry of Electronics and Information Technology (Government of India) Electronics Niketan, 6, CGO Complex, Lodhi Road, New Delhi - 110003, India","011-24301815, 011-24364706",Email: Website: https://quiz.mygov.in,Website: https://quiz.mygov.in,https://quiz.mygov.in,
