ministry,releases_6y_total,releases_2021,releases_2022,releases_2023,releases_2024,releases_2025,releases_2026,releases_90d,latest_release_date,latest_release_title,matched_org,contact_name,designation,phones,email
Prime Minister's Office,10652,1432,1731,2442,1695,1921,1431,499,2026-08-30,PM expresses happiness at enthusiasm of young friends from Uzbekistan,,,,,
Ministry of Defence,5570,1100,937,962,981,1034,556,148,2026-08-30,"Acquire knowledge, question injustice through constitutional means & bring about change through democratic methods: Raksha Mantri to youth",Ministry of Defence,Shri Sanjay Seth,Minister of State,"24014508, 23310353",mos-defence@gov.in
Ministry of Defence,5570,1100,937,962,981,1034,556,148,2026-08-30,"Acquire knowledge, question injustice through constitutional means & bring about change through democratic methods: Raksha Mantri to youth",Ministry of Defence,Shri Raj Nath Singh,Minister,"24014501, 24014502, 23793881",rmo@mod.nic.in
Ministry of Health and Family Welfare,4618,1744,1499,493,298,282,302,131,2026-08-29,Union Health Ministry Reviews Progress Towards Achieving Malaria Elimination Target by 2030,Ministry of Health and Family Welfare,Shri Jadhav Prataprao Ganpatrao,Minister of State,24013380,mos-health@gov.in
Ministry of Health and Family Welfare,4618,1744,1499,493,298,282,302,131,2026-08-29,Union Health Ministry Reviews Progress Towards Achieving Malaria Elimination Target by 2030,Ministry of Health and Family Welfare,Smt. Anupriya Patel,Minister of State,"24013239, 24013240",mosap-mohfw@gov.in
Ministry of Health and Family Welfare,4618,1744,1499,493,298,282,302,131,2026-08-29,Union Health Ministry Reviews Progress Towards Achieving Malaria Elimination Target by 2030,Ministry of Health and Family Welfare,Shri Jagat Prakash Nadda,Minister,"24013301, 24013302",min-hfm@gov.in
Ministry of Science & Technology,3051,588,463,452,508,583,457,148,2026-08-26,"Study identifies uniqueness of South Asian gut microbiome, critical for lifestyle disease treatment",Ministry of Science and Technology,Dr. Jitendra Singh,Minister of State (Independent Charge),"23316745, 24629788",mos-stes@gov.in
Ministry of Finance,3037,753,544,566,443,426,305,79,2026-08-30,CBN seizes 66.80 lakh psychotropic tablets in major inter-state pharmaceutical diversion case under Operation Vajra 2.0; one arrested,Ministry of Finance,Shri Pankaj Chaowdhary,Minister of State,"011-24012401, 011-24012402",mosfinance@nic.in
Ministry of Finance,3037,753,544,566,443,426,305,79,2026-08-30,CBN seizes 66.80 lakh psychotropic tablets in major inter-state pharmaceutical diversion case under Operation Vajra 2.0; one arrested,Ministry of Finance,Smt. Nirmala Sitharaman,Minister,"011-24012101, 011-24012102",appointment.fm@gov.in
Ministry of Finance,3037,753,544,566,443,426,305,79,2026-08-30,CBN seizes 66.80 lakh psychotropic tablets in major inter-state pharmaceutical diversion case under Operation Vajra 2.0; one arrested,Ministry of Finance,Shri V. Vualnam,Finance Secretary,"011-24012000, 011-24012001",secyexp@nic.in
Ministry of Commerce & Industry,2789,495,546,452,411,536,349,136,2026-08-30,Commerce Secretary Shri Rajesh Agrawal Leads 4th India–Argentina JTC Meeting; Both Sides Reaffirm Commitment to Deepen Strategic and Economic Partnership,Ministry of Commerce and Industry,Shri Jitin Prasada,Minister of State,"23039174, 23039184",mos-ci@gov.in
Ministry of Commerce & Industry,2789,495,546,452,411,536,349,136,2026-08-30,Commerce Secretary Shri Rajesh Agrawal Leads 4th India–Argentina JTC Meeting; Both Sides Reaffirm Commitment to Deepen Strategic and Economic Partnership,Ministry of Commerce and Industry,Shri Piyush Goyal,Minister,"23039110, 23039111",piyush.goyal@gov.in
Ministry of Agriculture & Farmers Welfare,2175,359,354,367,290,503,302,109,2026-08-27,Shri Shivraj Singh Chouhan Reviews Summer Moong Procurement and Crop Insurance Implementation in Madhya Pradesh,Ministry of Agriculture and Farmers Welfare,Shri Ram Nath Thakur,Minister of State,"23383975, 23383976",
Ministry of Agriculture & Farmers Welfare,2175,359,354,367,290,503,302,109,2026-08-27,Shri Shivraj Singh Chouhan Reviews Summer Moong Procurement and Crop Insurance Implementation in Madhya Pradesh,Ministry of Agriculture and Farmers Welfare,Shri Bhagirath Choudhary,Minister of State,"23782343, 23388165, 23015410",
Ministry of Agriculture & Farmers Welfare,2175,359,354,367,290,503,302,109,2026-08-27,Shri Shivraj Singh Chouhan Reviews Summer Moong Procurement and Crop Insurance Implementation in Madhya Pradesh,Ministry of Agriculture and Farmers Welfare,Shri Shivraj Singh Chouhan,Minister,"23383370, 23782691, 23794697",agrimin.india@gmail.com
Ministry of Home Affairs,2169,290,298,352,343,491,395,136,2026-08-29,Union Home Minister and Minister of Cooperation Shri Amit Shah celebrates auspicious festival of Raksha Bandhan in Ahmedabad with girls from his parliamentary c,Ministry of Home Affairs,Shri Nityanand Rai,Minister of State,"23092870, 23092595",
Ministry of Home Affairs,2169,290,298,352,343,491,395,136,2026-08-29,Union Home Minister and Minister of Cooperation Shri Amit Shah celebrates auspicious festival of Raksha Bandhan in Ahmedabad with girls from his parliamentary c,Ministry of Home Affairs,Shri Bandi Sanjay Kumar,Minister of State,"23092073, 23094054",
Ministry of Home Affairs,2169,290,298,352,343,491,395,136,2026-08-29,Union Home Minister and Minister of Cooperation Shri Amit Shah celebrates auspicious festival of Raksha Bandhan in Ahmedabad with girls from his parliamentary c,Ministry of Home Affairs,Shri Amit Shah,Minister,"23092462, 23094686",
Ministry of Information & Broadcasting,2131,375,398,326,360,498,174,82,2026-08-26,MIB Organises National Conference with States/UTs I&PR Secretaries to Strengthen Centre-State Coordination,Ministry of Information and Broadcasting,Dr. L. Murugan,Minister of State,,mos-moib@gov.in
Ministry of Information & Broadcasting,2131,375,398,326,360,498,174,82,2026-08-26,MIB Organises National Conference with States/UTs I&PR Secretaries to Strengthen Centre-State Coordination,Ministry of Information and Broadcasting,Shri Ashwini Vaishnaw,Minister,,minister.inb@gov.in
Ministry of Information & Broadcasting,2131,375,398,326,360,498,174,82,2026-08-26,MIB Organises National Conference with States/UTs I&PR Secretaries to Strengthen Centre-State Coordination,Ministry of Information and Broadcasting,Shri Chanchal Kumar,Secretary,011-24015801,secy.inb@nic.in
Ministry of Jal Shakti,1816,395,500,301,133,310,177,42,2026-08-29,DDWS urges States/UTs to facilitate student participation from local academic institutions under JJM 2.0,Ministry of Jal Shakti,Shri V. Somanna,Minister of State,24368618,mosoffice-mdws@nic.in
Ministry of Jal Shakti,1816,395,500,301,133,310,177,42,2026-08-29,DDWS urges States/UTs to facilitate student participation from local academic institutions under JJM 2.0,Ministry of Jal Shakti,Shri Raj Bhushan Choudhary,Minister of State,23718759,mos-mowr@nic.in
Ministry of Jal Shakti,1816,395,500,301,133,310,177,42,2026-08-29,DDWS urges States/UTs to facilitate student participation from local academic institutions under JJM 2.0,Ministry of Jal Shakti,Shri C R Patil,Minister,23714200,minister-jalshakti@gov.in
"Ministry of Personnel, Public Grievances & Pensions",1637,169,256,292,384,365,171,62,2026-08-30,Empowering mother can enable early identification of disability in child: Dr Jitendra Singh,"Ministry of Personnel, Public Grievances and Pensions",Dr. Jitendra Singh,Minister of State,24010700,mos-pp@nic.in
"Ministry of Personnel, Public Grievances & Pensions",1637,169,256,292,384,365,171,62,2026-08-30,Empowering mother can enable early identification of disability in child: Dr Jitendra Singh,"Ministry of Personnel, Public Grievances and Pensions",Shri Narendra Modi,Prime Minister,,
Ministry of Communications,1539,71,190,175,318,482,303,98,2026-08-29,"Union Minister of Communications Shri Jyotiraditya M. Scindia Hails Sanchar Saathi’s Record Recovery of Over 75,000 Lost and Stolen Mobile Handsets in a Single ",Ministry of Communications,Dr. Chandra Sekhar Pemmasani,Minister of State,"23372414, 23372565",mosc-office@gov.in
Ministry of Communications,1539,71,190,175,318,482,303,98,2026-08-29,"Union Minister of Communications Shri Jyotiraditya M. Scindia Hails Sanchar Saathi’s Record Recovery of Over 75,000 Lost and Stolen Mobile Handsets in a Single ",Ministry of Communications,Shri Jyotiraditya M. Scindia,Minister,"23739191, 23710445",moc-office@gov.in
Vice President's Secretariat,1494,219,197,250,333,303,192,60,2026-08-30,Vice President Shri C. P. Radhakrishnan attends birth centenary celebrations of former Karnataka Chief Minister Shri Ramakrishna Hegde Ji in Bengaluru,,,,,
"Ministry of Environment, Forest and Climate Change",1484,102,312,340,246,283,201,65,2026-08-27,"India highlights its Science-based advances in Snow Leopard Conservation including Population Estimation, Radio Telemetry and Genetic Analysis, at Moscow Roundt","Ministry of Environment, Forest and Climate Change",Shri Kirtivardhan Singh,Minister of State,"011-20819418, 011-20819421, 011-23794971",
"Ministry of Environment, Forest and Climate Change",1484,102,312,340,246,283,201,65,2026-08-27,"India highlights its Science-based advances in Snow Leopard Conservation including Population Estimation, Radio Telemetry and Genetic Analysis, at Moscow Roundt","Ministry of Environment, Forest and Climate Change",Shri Bhupender Yadav,Minister,"011-20819190, 011-20819187, 011-23014243",mefcc@gov.in
"Ministry of Environment, Forest and Climate Change",1484,102,312,340,246,283,201,65,2026-08-27,"India highlights its Science-based advances in Snow Leopard Conservation including Population Estimation, Radio Telemetry and Genetic Analysis, at Moscow Roundt","Ministry of Environment, Forest and Climate Change",Shri Tanmay Kumar,Secretary,"011-20819308, 011-20819408",secy-moef@nic.in
Ministry of Social Justice & Empowerment,1478,242,293,290,212,206,235,145,2026-08-29,From Private Driver to Self-Employed Autorickshaw Owner: How NBCFDC Support Transformed Sunil Kumar K.P.’s Livelihood,Ministry of Social Justice and Empowerment,Shri Ramdas Athawale,Minister of State,"011-23381656, 011-23381657",mos3-msje@gov.in
Ministry of Social Justice & Empowerment,1478,242,293,290,212,206,235,145,2026-08-29,From Private Driver to Self-Employed Autorickshaw Owner: How NBCFDC Support Transformed Sunil Kumar K.P.’s Livelihood,Ministry of Social Justice and Empowerment,Shri B. L. Verma,Minister of State,,
Ministry of Social Justice & Empowerment,1478,242,293,290,212,206,235,145,2026-08-29,From Private Driver to Self-Employed Autorickshaw Owner: How NBCFDC Support Transformed Sunil Kumar K.P.’s Livelihood,Ministry of Social Justice and Empowerment,Dr. Virendra Kumar,Minister,"011-23381001, 011-23381390, 011-23012175",min-sje@nic.in
Ministry of Culture,1463,180,238,228,225,427,165,43,2026-08-26,"Union Minister Shri Gajendra Singh Shekhawat: ""In Kalidasa's works, woman is not merely a subject of beauty""",Ministry of Culture,Rao Inderjit Singh,Minister of State,"21402909, 23096561",mos-culture@gov.in
Ministry of Culture,1463,180,238,228,225,427,165,43,2026-08-26,"Union Minister Shri Gajendra Singh Shekhawat: ""In Kalidasa's works, woman is not merely a subject of beauty""",Ministry of Culture,Shri Gajendra Singh Shekhawat,Minister,"24014301, 24014302",gsingh.shekhawat@gov.in
Ministry of Culture,1463,180,238,228,225,427,165,43,2026-08-26,"Union Minister Shri Gajendra Singh Shekhawat: ""In Kalidasa's works, woman is not merely a subject of beauty""",Ministry of Culture,Shri Vivek Aggarwal,Secretary,"24014303, 24014304",secy-culture@nic.in
President's Secretariat,1453,169,235,320,294,281,154,46,2026-08-27,PRESIDENT OF INDIA’S GREETINGS ON THE EVE OF RAKSHA BANDHAN,,,,,
Ministry of Education,1374,262,304,236,204,196,172,89,2026-08-29,"President of India, Smt. Droupadi Murmu, celebrates Raksha Bandhan with students from schools across the country at Rashtrapati Bhavan",Ministry of Education,Shri Jayant Chaudhary,Minister of State,"011-24015042, 011-24015043",mosedu-jc@gov.in
Ministry of Education,1374,262,304,236,204,196,172,89,2026-08-29,"President of India, Smt. Droupadi Murmu, celebrates Raksha Bandhan with students from schools across the country at Rashtrapati Bhavan",Ministry of Education,Shri Sukanta Majumdar,Minister of State,"011-24015026, 011-24015028",mosedu-sm@gov.in
Ministry of Education,1374,262,304,236,204,196,172,89,2026-08-29,"President of India, Smt. Droupadi Murmu, celebrates Raksha Bandhan with students from schools across the country at Rashtrapati Bhavan",Ministry of Education,Shri Pralhad Joshi,Minister,"011-24015222, 011-24015290",minister.sm@gov.in
Ministry of Railways,1368,329,244,185,143,226,241,76,2026-08-25,Chairman of the Railway Board Reviews IRCTC War Room; Directs Strengthening of Passenger Feedback and Kitchen Monitoring Systems to Improve the Quality of Cater,Ministry of Railways,Shri V. Somanna,Minister of State,,
Ministry of Railways,1368,329,244,185,143,226,241,76,2026-08-25,Chairman of the Railway Board Reviews IRCTC War Room; Directs Strengthening of Passenger Feedback and Kitchen Monitoring Systems to Improve the Quality of Cater,Ministry of Railways,Shri Ravneet Singh,Minister of State,,
Ministry of Railways,1368,329,244,185,143,226,241,76,2026-08-25,Chairman of the Railway Board Reviews IRCTC War Room; Directs Strengthening of Passenger Feedback and Kitchen Monitoring Systems to Improve the Quality of Cater,Ministry of Railways,Shri Ashwini Vaishnaw,Minister,"23386645, 23017061",officeofmr@gov.in
Ministry of Youth Affairs and Sports,1337,188,307,193,185,267,197,72,2026-08-30,Union Sports Minister Dr Mansukh Mandaviya leads National Sports Day celebrations at Major Dhyan Chand National Stadium,Ministry of Youth Affairs and Sports,Smt. Raksha Nikhil Khadse,Minister of State,26111688,mos-yas21@gov.in
Ministry of Youth Affairs and Sports,1337,188,307,193,185,267,197,72,2026-08-30,Union Sports Minister Dr Mansukh Mandaviya leads National Sports Day celebrations at Major Dhyan Chand National Stadium,Ministry of Youth Affairs and Sports,Dr. Mansukh Mandaviya,Minister,"26116520, 24671185",office-moyas@gov.in
Ministry of Electronics & IT,1336,135,222,261,168,261,289,68,2026-08-25,GENESIS Entrepreneur-in-Residence (EIR) Cohort-3 Launched at GENESIS NextGen Startup Summit - Coimbatore Edition,Ministry of Electronics and Information Technology,Shri Jitin Prasada,Minister of State,"24368757, 24368758",mos-eit@gov.in
Ministry of Electronics & IT,1336,135,222,261,168,261,289,68,2026-08-25,GENESIS Entrepreneur-in-Residence (EIR) Cohort-3 Launched at GENESIS NextGen Startup Summit - Coimbatore Edition,Ministry of Electronics and Information Technology,Shri Ashwini Vaishnaw,Minister,"24369191, 24362626",moeit@gov.in
Ministry of Electronics & IT,1336,135,222,261,168,261,289,68,2026-08-25,GENESIS Entrepreneur-in-Residence (EIR) Cohort-3 Launched at GENESIS NextGen Startup Summit - Coimbatore Edition,Ministry of Electronics and Information Technology,Shri S. Krishnan,Secretary,24364041,secretary@meity.gov.in
Ministry of Road Transport & Highways,1284,205,297,229,219,147,187,69,2026-08-29,"PARIVARTAN Scheme gains momentum: 1,300+ beneficiaries registered, 42 Banks/NBFCs and 15 auto OEMs onboarded across Delhi-NCR",Ministry of Road Transport and Highways,Shri Ajay Tamta,Minister of State,23718568,ajay-tamta@gov.in
Ministry of Road Transport & Highways,1284,205,297,229,219,147,187,69,2026-08-29,"PARIVARTAN Scheme gains momentum: 1,300+ beneficiaries registered, 42 Banks/NBFCs and 15 auto OEMs onboarded across Delhi-NCR",Ministry of Road Transport and Highways,Shri Harsh Malhotra,Minister of State,23352204,harshdeep.malhotra@gov.in
Ministry of Road Transport & Highways,1284,205,297,229,219,147,187,69,2026-08-29,"PARIVARTAN Scheme gains momentum: 1,300+ beneficiaries registered, 42 Banks/NBFCs and 15 auto OEMs onboarded across Delhi-NCR",Ministry of Road Transport and Highways,Shri Nitin Jairam Gadkari,Minister,23719023,nitin.gadkari@nic.in
Ministry of Women and Child Development,1263,265,276,219,119,193,191,78,2026-08-29,From Financial Inclusion to Economic Empowerment: Union Minister Smt. Annpurna Devi Hails 12 Years of the Pradhan Mantri Jan-Dhan Yojana,Ministry of Women and Child Development,Smt. Savitri Thakur,Minister of State,"23382361, 23382363",mos-wcd@gov.in
Ministry of Women and Child Development,1263,265,276,219,119,193,191,78,2026-08-29,From Financial Inclusion to Economic Empowerment: Union Minister Smt. Annpurna Devi Hails 12 Years of the Pradhan Mantri Jan-Dhan Yojana,Ministry of Women and Child Development,Smt. Annpurna Devi,Minister,"23071331, 23071332",min-wcd@gov.in
Ministry of Women and Child Development,1263,265,276,219,119,193,191,78,2026-08-29,From Financial Inclusion to Economic Empowerment: Union Minister Smt. Annpurna Devi Hails 12 Years of the Pradhan Mantri Jan-Dhan Yojana,Ministry of Women and Child Development,Shri Anil Malik,Secretary,"23383586, 23386731",secy.wcd@gov.in
Ministry of Power,1258,298,216,306,236,114,88,15,2026-08-07,"India, Sri Lanka Discuss Deepening Cooperation in Power Sector",Ministry of Power,Shri Shripad Yesso Naik,Minister of State,"23720450, 23720451",
Ministry of Power,1258,298,216,306,236,114,88,15,2026-08-07,"India, Sri Lanka Discuss Deepening Cooperation in Power Sector",Ministry of Power,Shri Manohar Lal,Minister,"23717474, 23710411",
Ministry of Power,1258,298,216,306,236,114,88,15,2026-08-07,"India, Sri Lanka Discuss Deepening Cooperation in Power Sector",Ministry of Power,Shri Pankaj Agarwal,Secretary,23721487,secy-power@nic.in
"Ministry of Fisheries, Animal Husbandry & Dairying",1244,147,161,236,220,287,193,72,2026-08-20,"Secretary, Department of Fisheries, Interacts with Tilapia Farmers and Value chain Stakeholders in Chhattisgarh; Charts Roadmap for Export-Oriented Cluster Deve","Ministry of Fisheries, Animal Husbandry and Dairying",Prof. S. P. Singh Baghel,Minister of State,"23782143, 23782548",mos-fahd@dahd.nic.in
"Ministry of Fisheries, Animal Husbandry & Dairying",1244,147,161,236,220,287,193,72,2026-08-20,"Secretary, Department of Fisheries, Interacts with Tilapia Farmers and Value chain Stakeholders in Chhattisgarh; Charts Roadmap for Export-Oriented Cluster Deve","Ministry of Fisheries, Animal Husbandry and Dairying",Shri Rajiv Ranjan Singh alias Lalan Singh,Minister,"23380780, 23380781",rrsingh@sansad.nic.in
"Ministry of Consumer Affairs, Food & Public Distribution",1240,324,261,226,209,147,73,28,2026-08-29,Union Minister Shri Pralhad Joshi to grace the 115th Foundation Day of National Test House in Bengaluru tomorrow,"Ministry of Consumer Affairs, Food and Public Distribution",Shri B. L. Verma,Minister of State,"23380630, 23380631",
"Ministry of Consumer Affairs, Food & Public Distribution",1240,324,261,226,209,147,73,28,2026-08-29,Union Minister Shri Pralhad Joshi to grace the 115th Foundation Day of National Test House in Bengaluru tomorrow,"Ministry of Consumer Affairs, Food and Public Distribution",Smt. Nimuben Jayantibhai Bambhaniya,Minister of State,,
"Ministry of Consumer Affairs, Food & Public Distribution",1240,324,261,226,209,147,73,28,2026-08-29,Union Minister Shri Pralhad Joshi to grace the 115th Foundation Day of National Test House in Bengaluru tomorrow,"Ministry of Consumer Affairs, Food and Public Distribution",Shri Pralhad Joshi,Minister,"23070637, 23070642",
"Ministry of Ports, Shipping and Waterways",1139,159,165,185,231,251,148,60,2026-08-27,Student’s Suggestion Prompts Sarbananda Sonowal to Announce Swimming Pool at Dibrugarh University,"Ministry of Ports, Shipping and Waterways",Shri Shantanu Thakur,Minister of State,"23710189, 23710356",officeofmos-psw@gov.in
"Ministry of Ports, Shipping and Waterways",1139,159,165,185,231,251,148,60,2026-08-27,Student’s Suggestion Prompts Sarbananda Sonowal to Announce Swimming Pool at Dibrugarh University,"Ministry of Ports, Shipping and Waterways",Shri Sarbananda Sonowal,Minister,"23717422, 23717423",minister-shipping@gov.in
"Ministry of Ports, Shipping and Waterways",1139,159,165,185,231,251,148,60,2026-08-27,Student’s Suggestion Prompts Sarbananda Sonowal to Announce Swimming Pool at Dibrugarh University,"Ministry of Ports, Shipping and Waterways",Shri Vijay Kumar,Secretary,"23714938, 23716656",secyship@nic.in
Ministry of Coal,1134,126,217,243,268,206,74,36,2026-08-25,NA-Allocated Talabira II & III Coal Mines Mark Record Production in FY 2025-26,Ministry of Coal,Shri Satish Chandra Dubey,Minister of State,"20903147, 20903148",
Ministry of Coal,1134,126,217,243,268,206,74,36,2026-08-25,NA-Allocated Talabira II & III Coal Mines Mark Record Production in FY 2025-26,Ministry of Coal,Shri G. Kishan Reddy,Minister,"26773670, 26773672",
Ministry of Coal,1134,126,217,243,268,206,74,36,2026-08-25,NA-Allocated Talabira II & III Coal Mines Mark Record Production in FY 2025-26,Ministry of Coal,Shri Vikram Dev Dutt,Secretary,"20903121, 20903131",secy.moc@nic.in
Ministry of Labour & Employment,1132,178,191,225,225,228,85,37,2026-08-23,"EPFO urges establishments to utilize the Employees’ Enrolment Campaign, 2026 to ensure social security for employees outside EPF coverage",Ministry of Labour and Employment,Sushri Shobha Karandlaje,Minister of State,011-23720013,mos.shobha@gov.in
Ministry of Labour & Employment,1132,178,191,225,225,228,85,37,2026-08-23,"EPFO urges establishments to utilize the Employees’ Enrolment Campaign, 2026 to ensure social security for employees outside EPF coverage",Ministry of Labour and Employment,Dr. Mansukh Mandaviya,Minister,"011-23717515, 011-23710240",minoffice-mole@nic.in
Ministry of Labour & Employment,1132,178,191,225,225,228,85,37,2026-08-23,"EPFO urges establishments to utilize the Employees’ Enrolment Campaign, 2026 to ensure social security for employees outside EPF coverage",Ministry of Labour and Employment,Shri Chandra Bhushan Kumar,Secretary,"011-23710265, 011-23738603",secy-labour@nic.in
AYUSH,1033,189,132,113,136,287,176,73,2026-08-25,AIIA Launches “GARBHINI MITRA” Course to Strengthen Ayurveda-Based Maternal Wellness Support,Ministry of AYUSH,Shri Jadhav Prataprao Ganpatrao,Minister of State (Independent Charge),"24651955, 24651935",minister-ayush@nic.in
AYUSH,1033,189,132,113,136,287,176,73,2026-08-25,AIIA Launches “GARBHINI MITRA” Course to Strengthen Ayurveda-Based Maternal Wellness Support,Ministry of AYUSH,Shri Rajesh Kotecha,Secretary,24651950,secy-ayush@nic.in
PIB Backgrounder,941,255,178,0,0,201,307,120,2026-08-30,Pradhan Mantri Fasal Bima Yojana,,,,,
Ministry of Law and Justice,904,98,156,178,161,188,123,32,2026-08-29,Appointment of Judge and Additional Judges in the Calcutta High Court,Ministry of Law and Justice,Shri Arjun Ram Meghwal,Minister of State (Independent Charge),011-23386974,mljoffice@gov.in
Ministry of Tribal Affairs,901,183,81,94,64,258,221,69,2026-08-27,National Conclave on Tribal Languages & Museums holds deliberations on Tribal Museums in Mysuru,Ministry of Tribal Affairs,Shri Durgadas Uikey,Minister of State,"24013784, 24013785",mos-tribalaffairs@gov.in
Ministry of Tribal Affairs,901,183,81,94,64,258,221,69,2026-08-27,National Conclave on Tribal Languages & Museums holds deliberations on Tribal Museums in Mysuru,Ministry of Tribal Affairs,Shri Jual Oram,Minister,"24013782, 24013783",jual.oram@gov.in
Ministry of Tribal Affairs,901,183,81,94,64,258,221,69,2026-08-27,National Conclave on Tribal Languages & Museums holds deliberations on Tribal Museums in Mysuru,Ministry of Tribal Affairs,Ms. Ranjana Chopra,Secretary,"24013700, 24013701",secy-tribal@nic.in
Ministry of Rural Development,854,91,126,135,120,204,178,96,2026-08-27,Raksha Bandhan Celebrated with Lakhpati Didis Across the Country,Ministry of Rural Development,Dr. Chandra Sekhar Pemmasani,Minister of State,"23372414, 23372565",mosc-office@gov.in
Ministry of Rural Development,854,91,126,135,120,204,178,96,2026-08-27,Raksha Bandhan Celebrated with Lakhpati Didis Across the Country,Ministry of Rural Development,Shri Kamlesh Paswan,Minister of State,"24105585, 23388859",mosoffice-rd@gov.in
Ministry of Rural Development,854,91,126,135,120,204,178,96,2026-08-27,Raksha Bandhan Celebrated with Lakhpati Didis Across the Country,Ministry of Rural Development,Shri Shivraj Singh Chouhan,Minister,"23782327, 23782373",minister.rd@gov.in
Ministry of Textiles,842,142,130,89,84,239,158,61,2026-08-30,Ministry of Textiles convenes 2nd Coordination Committee Meeting of Textile Research Associations,Ministry of Textiles,Shri Pabitra Margherita,Minister of State,011-20903779,mos-textiles@gov.in
Ministry of Textiles,842,142,130,89,84,239,158,61,2026-08-30,Ministry of Textiles convenes 2nd Coordination Committee Meeting of Textile Research Associations,Ministry of Textiles,Shri Giriraj Singh,Minister,"20903582, 26113121",minister.textiles@gov.in
Ministry of Textiles,842,142,130,89,84,239,158,61,2026-08-30,Ministry of Textiles convenes 2nd Coordination Committee Meeting of Textile Research Associations,Ministry of Textiles,Ms. Neelam Shami Rao,Secretary,23061769,secy-textiles@nic.in
Ministry of Housing & Urban Affairs,834,139,171,201,134,105,84,40,2026-08-27,"PM SVANidhi Completes One Year of Restructuring: Expanding Credit, Digital Inclusion and Livelihoods Opportunities",Ministry of Housing and Urban Affairs,Shri Tokhan Sahu,Minister of State,"011-23783006, 011-23783007",sahu.tokhan@gov.in
Ministry of Housing & Urban Affairs,834,139,171,201,134,105,84,40,2026-08-27,"PM SVANidhi Completes One Year of Restructuring: Expanding Credit, Digital Inclusion and Livelihoods Opportunities",Ministry of Housing and Urban Affairs,Shri Manohar Lal,Minister,"011-23783001, 011-23783002",minister-mohua@nic.in
Ministry of Steel,808,141,183,131,139,148,66,18,2026-08-26,India’s Steel Sector Continues Its Upward Trajectory in Apr-Jul 2026,Ministry of Steel,Shri Bhupathi Raju Srinivasa Varma,Minister of State,"23063810, 24102703",mos-steel@gov.in
Ministry of Steel,808,141,183,131,139,148,66,18,2026-08-26,India’s Steel Sector Continues Its Upward Trajectory in Apr-Jul 2026,Ministry of Steel,Shri H. D. Kumaraswamy,Minister,26111395,minister.steel@nic.in
Ministry of Steel,808,141,183,131,139,148,66,18,2026-08-26,India’s Steel Sector Continues Its Upward Trajectory in Apr-Jul 2026,Ministry of Steel,Shri Sandeep Poundrik,Secretary,"23063489, 24673912",secy-steel@nic.in
"Ministry of Micro,Small & Medium Enterprises",804,156,183,160,137,78,90,35,2026-08-29,"CTTC Bhubaneswar Lights up Young Minds:Trains Over 8,000 Engineering Students Through Summer Internship Programme 2026","Ministry of Micro, Small & Medium Enterprises",Sushri Shobha Karandlaje,Minister of State,011-24011274,mos-msme@gov.in
"Ministry of Micro,Small & Medium Enterprises",804,156,183,160,137,78,90,35,2026-08-29,"CTTC Bhubaneswar Lights up Young Minds:Trains Over 8,000 Engineering Students Through Summer Internship Programme 2026","Ministry of Micro, Small & Medium Enterprises",Shri Jitan Ram Manjhi,Minister,011-24011271,min-msme@nic.in
"Ministry of Micro,Small & Medium Enterprises",804,156,183,160,137,78,90,35,2026-08-29,"CTTC Bhubaneswar Lights up Young Minds:Trains Over 8,000 Engineering Students Through Summer Internship Programme 2026","Ministry of Micro, Small & Medium Enterprises",Shri Bharat Harbanslal Khera,Secretary,"011-24011277, 011-24011278",secretary-msme@nic.in
Ministry of Earth Sciences,772,226,90,64,89,163,140,40,2026-08-20,CMLRE Unveils Landmark National Report on Deep-Sea and Distant-Water Fishery Resources of the Indian EEZ to Fuel Sustainable Blue Economy,Ministry of Earth Sciences,Dr. Jitendra Singh,Minister,"24629788, 24629789",mos-stes@gov.in
Ministry of Earth Sciences,772,226,90,64,89,163,140,40,2026-08-20,CMLRE Unveils Landmark National Report on Deep-Sea and Distant-Water Fishery Resources of the Indian EEZ to Fuel Sustainable Blue Economy,Ministry of Earth Sciences,Dr. T. Srinivasa Kumar,Secretary,"011-24629771, 011-24629772",secretary@moes.gov.in
Ministry of Tourism,757,131,90,118,123,182,113,12,2026-08-22,BRICS Tourism Ministers adopt Jaipur Declaration (Ministers’ Communique),Ministry of Tourism,Shri Suresh Gopi,Minister of State,"23724161, 23715717",mos-tourism@gov.in
Ministry of Tourism,757,131,90,118,123,182,113,12,2026-08-22,BRICS Tourism Ministers adopt Jaipur Declaration (Ministers’ Communique),Ministry of Tourism,Shri Gajendra Singh Shekhawat,Minister,"23718310, 23717969",g.shekhawat@sansad.nic.in
Ministry of Tourism,757,131,90,118,123,182,113,12,2026-08-22,BRICS Tourism Ministers adopt Jaipur Declaration (Ministers’ Communique),Ministry of Tourism,Shri Bhuvnesh Kumar,Secretary,"23711792, 23321395",secretary-tourism@gov.in
Ministry of Skill Development and Entrepreneurship,727,84,115,67,103,154,204,73,2026-08-24,National Skill Development Corporation and Cultus Education Launches Nationwide Cloud and AI Skilling Initiative with Support from Amazon Web Services (AWS),Ministry of Skill Development and Entrepreneurship,Shri Jayant Chaudhary,Minister of State (Independent Charge),"26773201, 23782339",minister-msde@gov.in
Ministry of Skill Development and Entrepreneurship,727,84,115,67,103,154,204,73,2026-08-24,National Skill Development Corporation and Cultus Education Launches Nationwide Cloud and AI Skilling Initiative with Support from Amazon Web Services (AWS),Ministry of Skill Development and Entrepreneurship,Ms. Debashree Mukherjee,Secretary,"26773005, 26773332",secy-msde@nic.in
Ministry of Petroleum & Natural Gas,721,170,144,116,88,73,130,26,2026-08-30,Revised CBG pricing supports producers without materially impacting consumers,Ministry of Petroleum and Natural Gas,Shri Suresh Gopi,Minister of State,24011113,
Ministry of Petroleum & Natural Gas,721,170,144,116,88,73,130,26,2026-08-30,Revised CBG pricing supports producers without materially impacting consumers,Ministry of Petroleum and Natural Gas,Shri Hardeep Singh Puri,Minister,24011101,min.png@nic.in
Ministry of Petroleum & Natural Gas,721,170,144,116,88,73,130,26,2026-08-30,Revised CBG pricing supports producers without materially impacting consumers,Ministry of Petroleum and Natural Gas,Shri Neeraj Mittal,Secretary,24011201,sec.png@nic.in
Ministry of Statistics & Programme Implementation,701,56,61,88,122,218,156,45,2026-08-29,India's Index of industrial production records growth of 6.7% in July 2026,Ministry of Statistics and Programme Implementation,Shri Rao Inderjit Singh,Minister of State (Independent Charge),"23340884, 23367245, 24643265",minister.spi@nic.in
Ministry of Statistics & Programme Implementation,701,56,61,88,122,218,156,45,2026-08-29,India's Index of industrial production records growth of 6.7% in July 2026,Ministry of Statistics and Programme Implementation,Shri Saurabh Garg,Secretary,"23742150, 23344689",secretary@mospi.gov.in
Ministry of New and Renewable Energy,697,77,119,190,134,110,67,20,2026-08-27,"Union New and Renewable Energy Minister Pralhad Joshi Brings Bharat Renewable Energy Summit 2026 Roadshow to Mumbai, urges stakeholders for Clean Energy Investm",Ministry of New and Renewable Energy,Shri Shripad Yesso Naik,Minister of State,,mos-mnre@gov.in
Ministry of New and Renewable Energy,697,77,119,190,134,110,67,20,2026-08-27,"Union New and Renewable Energy Minister Pralhad Joshi Brings Bharat Renewable Energy Summit 2026 Roadshow to Mumbai, urges stakeholders for Clean Energy Investm",Ministry of New and Renewable Energy,Shri Pralhad Joshi,Minister,,minister.mnre@gov.in
Ministry of New and Renewable Energy,697,77,119,190,134,110,67,20,2026-08-27,"Union New and Renewable Energy Minister Pralhad Joshi Brings Bharat Renewable Energy Summit 2026 Roadshow to Mumbai, urges stakeholders for Clean Energy Investm",Ministry of New and Renewable Energy,Shri Santosh Kumar Sarangi,Secretary,20849010,secy-mnre@nic.in
Ministry of Civil Aviation,667,143,164,149,72,72,67,24,2026-08-27,Tecnam P2006T twin-engine aircraft meets with accident near Ganga Barrage in Kanpur,Ministry of Civil Aviation,Shri Murlidhar Mohol,Minister of State,"24603846, 24626001",mos.moca@gov.in
Ministry of Civil Aviation,667,143,164,149,72,72,67,24,2026-08-27,Tecnam P2006T twin-engine aircraft meets with accident near Ganga Barrage in Kanpur,Ministry of Civil Aviation,Shri Kinjarapu Rammohan Naidu,Minister,"24610350, 24632991",hm.moca@gov.in
Ministry of Civil Aviation,667,143,164,149,72,72,67,24,2026-08-27,Tecnam P2006T twin-engine aircraft meets with accident near Ganga Barrage in Kanpur,Ministry of Civil Aviation,Shri Samir Kumar Sinha,Secretary,24610368,secy.moca@nic.in
Ministry of Cooperation,654,10,56,116,112,173,187,78,2026-08-16,Union Home Minister & Minister of Cooperation Shri Amit Shah to lay the foundation stone of new dairy plant at Alwar Saras Dairy Complex tomorrow,Ministry of Cooperation,Shri Krishan Pal,Minister of State,,
Ministry of Cooperation,654,10,56,116,112,173,187,78,2026-08-16,Union Home Minister & Minister of Cooperation Shri Amit Shah to lay the foundation stone of new dairy plant at Alwar Saras Dairy Complex tomorrow,Ministry of Cooperation,Shri Murlidhar Mohol,Minister of State,,
Ministry of Cooperation,654,10,56,116,112,173,187,78,2026-08-16,Union Home Minister & Minister of Cooperation Shri Amit Shah to lay the foundation stone of new dairy plant at Alwar Saras Dairy Complex tomorrow,Ministry of Cooperation,Shri Amit Shah,Minister,"20849035, 20849036",pstohm-cm@gov.in
Election Commission,629,80,86,48,116,207,92,11,2026-08-27,"""Students of Today Are the Torchbearers of Democracy Tomorrow"": CEC Gyanesh Kumar",,,,,
Ministry of Mines,582,82,103,118,120,117,42,11,2026-08-26,Union Minister Shri G. Kishan Reddy launched Critical Minerals Innovation Hackathon 2026,Ministry of Mines,Shri Satish Chandra Dubey,Minister of State,"011-26773878, 011-23070522",mos-mines@gov.in
Ministry of Mines,582,82,103,118,120,117,42,11,2026-08-26,Union Minister Shri G. Kishan Reddy launched Critical Minerals Innovation Hackathon 2026,Ministry of Mines,Shri G. Kishan Reddy,Minister,"011-26773670, 011-26773671",minister.mines@gov.in
Ministry of Mines,582,82,103,118,120,117,42,11,2026-08-26,Union Minister Shri G. Kishan Reddy launched Critical Minerals Innovation Hackathon 2026,Ministry of Mines,Shri Keshav Chandra,Secretary,011-26773601,secy-mines@nic.in
Ministry of Panchayati Raj,541,58,87,64,100,109,123,44,2026-08-27,DAANVEER: Ministry of Panchayati Raj Calls for Public Participation to Strengthen Digital Infrastructure in Gram Panchayats,Ministry of Panchayati Raj,Prof. S. P. Singh Baghel,Minister of State,"23782143, 23782518",mos-mopr@gov.in
Ministry of Panchayati Raj,541,58,87,64,100,109,123,44,2026-08-27,DAANVEER: Ministry of Panchayati Raj Calls for Public Participation to Strengthen Digital Infrastructure in Gram Panchayats,Ministry of Panchayati Raj,Shri Rajiv Ranjan Singh alias Lalan Singh,Minister,"23380780, 23380781",min-mopr@gov.in
Ministry of Panchayati Raj,541,58,87,64,100,109,123,44,2026-08-27,DAANVEER: Ministry of Panchayati Raj Calls for Public Participation to Strengthen Digital Infrastructure in Gram Panchayats,Ministry of Panchayati Raj,Shri Vineet Joshi,Secretary,23389008,secy-mopr@nic.in
Competition Commission of India,534,81,80,62,101,128,82,30,2026-08-26,CCI approves acquisition of 100% share capital of Tao Digital Solutions by Cyient Ltd,,,,,
Ministry of Chemicals and Fertilizers,530,153,122,72,78,86,19,3,2026-07-25,Cabinet approves scheme of Chemical Parks “Bharat Audyogik Vikas Yojana Rasayan (BHAVYA Rasayan),Ministry of Chemicals and Fertilizers,Smt. Anupriya Patel,Minister of State,"23381768, 23383686",mos-cf@gov.in
Ministry of Chemicals and Fertilizers,530,153,122,72,78,86,19,3,2026-07-25,Cabinet approves scheme of Chemical Parks “Bharat Audyogik Vikas Yojana Rasayan (BHAVYA Rasayan),Ministry of Chemicals and Fertilizers,Shri Jagat Prakash Nadda,Minister,"24014850, 24014781",min-cnf@gov.in
Ministry of Development of North-East Region,528,123,125,102,60,75,43,9,2026-08-11,MDoNER and CHEMEXCIL Organise Industry Summit on Prospects & Export of Agarwood Oil from India,Ministry of Development of North Eastern Region,Shri Sukanta Majumdar,Minister of State,21410716,sukanta.majumdar@sansad.nic.in
Ministry of Development of North-East Region,528,123,125,102,60,75,43,9,2026-08-11,MDoNER and CHEMEXCIL Organise Industry Summit on Prospects & Export of Agarwood Oil from India,Ministry of Development of North Eastern Region,Shri Jyotiraditya M. Scindia,Minister,"21411729, 23739191",min-mdoner@gov.in
Ministry of Development of North-East Region,528,123,125,102,60,75,43,9,2026-08-11,MDoNER and CHEMEXCIL Organise Industry Summit on Prospects & Export of Agarwood Oil from India,Ministry of Development of North Eastern Region,Shri Katikithala Srinivas,Secretary,21411140,secydoner@nic.in
Ministry of Minority Affairs,526,107,98,46,85,144,46,17,2026-08-26,National Commission for Minorities Celebrates Eid-e-Milad-un-Nabi,Ministry of Minority Affairs,Shri Kiren Rijiju,Minister,"24360585, 24360586",minister-moma@nic.in
Ministry of Minority Affairs,526,107,98,46,85,144,46,17,2026-08-26,National Commission for Minorities Celebrates Eid-e-Milad-un-Nabi,Ministry of Minority Affairs,Shri Srivatsa Krishna,Secretary,24364272,secy-mma@nic.in
NITI Aayog,497,99,100,84,55,93,66,17,2026-08-26,GOVERNMENT REITERATES ITS COMMITMENT FOR REIMAGINING SKILLING,,,,,
Cabinet,454,106,77,72,99,60,40,11,2026-08-01,"Cabinet approves 'Samudra Manthan' (National Offshore Exploration Scheme) with an outlay of Rs.84,084 crore",,,,,
Ministry of Heavy Industries,439,36,56,60,92,108,87,26,2026-08-13,Ministry of Heavy Industries (MHI) receives 20 bids under the Scheme to Promote Manufacturing of Sintered Rare Earth Permanent (REPM),Ministry of Heavy Industries,Shri Bhupathi Raju Srinivasa Varma,Minister of State,"23062676, 23062678",
Ministry of Heavy Industries,439,36,56,60,92,108,87,26,2026-08-13,Ministry of Heavy Industries (MHI) receives 20 bids under the Scheme to Promote Manufacturing of Sintered Rare Earth Permanent (REPM),Ministry of Heavy Industries,Shri H. D. Kumaraswamy,Minister,"23063598, 23061339",
Ministry of Heavy Industries,439,36,56,60,92,108,87,26,2026-08-13,Ministry of Heavy Industries (MHI) receives 20 bids under the Scheme to Promote Manufacturing of Sintered Rare Earth Permanent (REPM),Ministry of Heavy Industries,Shri Kamran Rizvi,Secretary,"23063633, 23061854",shioff@nic.in
Ministry of Food Processing Industries,416,68,69,60,54,102,63,14,2026-08-26,"PMFME Conclave 2026 Concludes with Recognition of Top-Performing States, Banks and Grassroots Functionaries",Ministry of Food Processing Industries,Shri Ravneet Singh,Minister of State,"26491254, 26491256",mos-fpi@nic.in
Ministry of Food Processing Industries,416,68,69,60,54,102,63,14,2026-08-26,"PMFME Conclave 2026 Concludes with Recognition of Top-Performing States, Banks and Grassroots Functionaries",Ministry of Food Processing Industries,Shri Chirag Paswan,Minister,"26493889, 26493890",minister.fpi@nic.in
Ministry of Food Processing Industries,416,68,69,60,54,102,63,14,2026-08-26,"PMFME Conclave 2026 Concludes with Recognition of Top-Performing States, Banks and Grassroots Functionaries",Ministry of Food Processing Industries,Shri A. P. Das Joshi,Secretary,"26493225, 26492431",secy.mofpi@nic.in
Ministry of Corporate Affairs,360,70,44,59,54,87,46,15,2026-08-29,MCA convenes ‘Tech for Professionals’ Workshop on Building India’s Digital Infrastructure for Professional Services,Ministry of Corporate Affairs,Shri Harsh Malhotra,Minister of State,"24014101, 24014102",mos-mcas@gov.in
Ministry of Corporate Affairs,360,70,44,59,54,87,46,15,2026-08-29,MCA convenes ‘Tech for Professionals’ Workshop on Building India’s Digital Infrastructure for Professional Services,Ministry of Corporate Affairs,Smt. Nirmala Sitharaman,Minister,24012101,fmo@nic.in
Ministry of Corporate Affairs,360,70,44,59,54,87,46,15,2026-08-29,MCA convenes ‘Tech for Professionals’ Workshop on Building India’s Digital Infrastructure for Professional Services,Ministry of Corporate Affairs,Ms. Deepti Gaur Mukerjee,Secretary,"24014001, 24014002",secy.mca@nic.in
UPSC,322,56,49,48,49,65,55,21,2026-08-26,"CENTRAL ARMED POLICE FORCES (ASSISTANT COMMANDANTS) EXAMINATION, 2026",,,,,
Department of Space,299,34,44,50,33,77,61,22,2026-08-13,ISRO seized of the issue of proliferation of large number of Low Earth Orbit (LEO) Satellite constellations or Satellite Internet constellations causing accumul,Department of Space,Dr. Jitendra Singh,Minister of State,,
Department of Space,299,34,44,50,33,77,61,22,2026-08-13,ISRO seized of the issue of proliferation of large number of Low Earth Orbit (LEO) Satellite constellations or Satellite Internet constellations causing accumul,Department of Space,Shri Narendra Modi,Prime Minister,,
Department of Space,299,34,44,50,33,77,61,22,2026-08-13,ISRO seized of the issue of proliferation of large number of Low Earth Orbit (LEO) Satellite constellations or Satellite Internet constellations causing accumul,Department of Space,Dr. V. Narayanan,Secretary,,
Department of Atomic Energy,280,18,33,26,23,86,94,31,2026-08-16,DAE-Nurtured Yuva Shakti Honoured at the Red Fort as International Olympiad Achievers 2026 Join the 80th Independence Day Celebrations as Special Guests,Department of Atomic Energy,Dr. Jitendra Singh,Minister of State,,
Department of Atomic Energy,280,18,33,26,23,86,94,31,2026-08-16,DAE-Nurtured Yuva Shakti Honoured at the Red Fort as International Olympiad Achievers 2026 Join the 80th Independence Day Celebrations as Special Guests,Department of Atomic Energy,Shri Narendra Modi,Prime Minister,,
Department of Atomic Energy,280,18,33,26,23,86,94,31,2026-08-16,DAE-Nurtured Yuva Shakti Honoured at the Red Fort as International Olympiad Achievers 2026 Join the 80th Independence Day Celebrations as Special Guests,Department of Atomic Energy,Shri Ajit K. Mohanty,Secretary,22022543,chairman@dae.gov.in
Lok Sabha Secretariat,279,0,0,0,27,158,94,26,2026-08-27,LOK SABHA SPEAKER GREETS PEOPLE ON THE EVE OF RAKSHA BANDHAN,,,,,
National Human Rights Commission,260,0,0,0,57,149,54,15,2026-08-29,"NHRC, India to hold 'Open Hearing and Camp Sitting' at Gandhinagar, Gujarat on 2nd and 3rd September 2026",,,,,
Ministry of Parliamentary Affairs,225,11,21,48,38,67,40,19,2026-08-26,Prize Distribution Function of 58th Youth Parliament Competition for Schools Held today in New Delhi,Ministry of Parliamentary Affairs,Shri Arjun Ram Meghwal,Minister of State,"011-23083523, 011-23083607, 011-23011770",ar.meghwal@sansad.nic.in
Ministry of Parliamentary Affairs,225,11,21,48,38,67,40,19,2026-08-26,Prize Distribution Function of 58th Youth Parliament Competition for Schools Held today in New Delhi,Ministry of Parliamentary Affairs,Dr. L. Murugan,Minister of State,"011-23083942, 011-23083943",mos-rsmpa@gov.in
Ministry of Parliamentary Affairs,225,11,21,48,38,67,40,19,2026-08-26,Prize Distribution Function of 58th Youth Parliament Competition for Schools Held today in New Delhi,Ministry of Parliamentary Affairs,Shri Kiren Rijiju,Minister,"011-23083920, 011-23018729",minister-mopa@gov.in
Cabinet Committee on Economic Affairs (CCEA),185,34,28,24,22,40,37,13,2026-07-25,"Cabinet approves one multitracking project covering three Districts across Karnataka and Andhra Pradesh, increasing the existing network of Indian Railways by a",,,,,
Ministry of Chemicals and Fertilizers - Department of Pharmaceuticals,174,0,0,0,0,28,146,53,2026-08-29,"Second Call for Applications Under ₹5,000 Crore PRIP Scheme to Boost Pharma & MedTech Innovation announced",Ministry of Chemicals and Fertilizers,Smt. Anupriya Patel,Minister of State,"23381768, 23383686",mos-cf@gov.in
Ministry of Chemicals and Fertilizers - Department of Pharmaceuticals,174,0,0,0,0,28,146,53,2026-08-29,"Second Call for Applications Under ₹5,000 Crore PRIP Scheme to Boost Pharma & MedTech Innovation announced",Ministry of Chemicals and Fertilizers,Shri Jagat Prakash Nadda,Minister,"24014850, 24014781",min-cnf@gov.in
Office of Principal Scientific Advisor to GoI,132,17,16,15,30,35,19,4,2026-08-16,Principal Scientific Adviser to the Government of India launches RSVC-AMRIT platform developed by NABARD to strengthen rural innovation and technology transfer,,,,,
Rajya Sabha Secretariat,77,0,0,0,0,1,76,29,2026-08-13,Vice President of India Shri C. P. Radhakrishnan Meets Parliamentary Delegation from Kenya,,,,,
Special Service and Features,59,5,17,19,11,7,0,0,2025-11-29,Special Inaugural train for KTS 4.0 begins its journey from Kanniyakumari with 216 delegates,,,,,
Ministry of Chemicals and Fertilizers - Department of Fertilizers,56,0,0,0,0,3,53,14,2026-08-05,"One Nation, One Fertilizer' Initiative Strengthens Fertilizer Availability and Distribution Across the Country",Ministry of Chemicals and Fertilizers,Smt. Anupriya Patel,Minister of State,"23381768, 23383686",mos-cf@gov.in
Ministry of Chemicals and Fertilizers - Department of Fertilizers,56,0,0,0,0,3,53,14,2026-08-05,"One Nation, One Fertilizer' Initiative Strengthens Fertilizer Availability and Distribution Across the Country",Ministry of Chemicals and Fertilizers,Shri Jagat Prakash Nadda,Minister,"24014850, 24014781",min-cnf@gov.in
IFSC Authority,39,9,21,7,2,0,0,0,2024-07-02,Expert Committee on Climate Finance submits First Report on Transition Finance to IFSCA,,,,,
Ministry of External Affairs,37,5,16,14,0,2,0,0,2025-03-09,"India’s Legacy in UN Peacekeeping: Leadership, Commitment, and Sacrifice",Ministry of External Affairs,Shri Kirtivardhan Singh,Minister of State,"23011141, 23014070",mosvmo@mea.gov.in
Ministry of External Affairs,37,5,16,14,0,2,0,0,2025-03-09,"India’s Legacy in UN Peacekeeping: Leadership, Commitment, and Sacrifice",Ministry of External Affairs,Shri Pabitra Margherita,Minister of State,"23086789, 23017763",mos.pm@mea.gov.in
Ministry of External Affairs,37,5,16,14,0,2,0,0,2025-03-09,"India’s Legacy in UN Peacekeeping: Leadership, Commitment, and Sacrifice",Ministry of External Affairs,Dr. Subrahmanyam Jaishankar,Minister,"23011127, 23011165",eam@mea.gov.in
National Financial Reporting Authority,35,9,9,4,2,6,5,2,2026-08-22,National Financial Reporting Authority (NFRA) conducts sixth outreach programmes with focus on small and medium auditors under the theme “Creating a Better Fina,,,,,
National Security Council Secretariat,25,1,7,6,5,6,0,0,2025-11-25,Fourth BIMSTEC Experts Group Meeting on Maritime Security Cooperation Concludes in New Delhi,,,,,
,23,0,0,0,0,1,22,20,2026-07-16,India's First Hydrogen-Powered Train: Advancing Green Rail Mobility,,,,,
Cabinet Secretariat,23,6,2,7,4,3,1,0,2026-01-02,PRAGATI @ 50: Institutionalizing Proactive and Tech-Enabled Governance,,,,,
Ministry of Chemicals and Fertilizers - Department of Chemicals and Petrochemicals,20,0,0,0,0,4,16,6,2026-08-26,Department of Chemicals and Petrochemicals organizes 1st Edition of CHEMCONNECT 2026 at IIT Madras,Ministry of Chemicals and Fertilizers,Smt. Anupriya Patel,Minister of State,"23381768, 23383686",mos-cf@gov.in
Ministry of Chemicals and Fertilizers - Department of Chemicals and Petrochemicals,20,0,0,0,0,4,16,6,2026-08-26,Department of Chemicals and Petrochemicals organizes 1st Edition of CHEMCONNECT 2026 at IIT Madras,Ministry of Chemicals and Fertilizers,Shri Jagat Prakash Nadda,Minister,"24014850, 24014781",min-cnf@gov.in
EAC-PM,10,3,6,1,0,0,0,0,2023-02-24,The Foundational Literacy and Numeracy Report submitted to EAC-PM by IFC released by Dr Bibek Debroy in the India dialog conference,,,,,
Lokpal of India,10,0,0,0,1,7,2,1,2026-08-16,Lokpal of India Celebrates 80th Independence Day; Reaffirms Commitment to Clean and Corruption-Free Governance,,,,,
Ministry of Company Affairs,3,0,2,0,0,0,1,1,2026-08-12,The Government of India to launch the Central Bank Digital Currency (CBDC)-based Direct Benefit Transfer (DBT) in the Union Territories of Chandigarh and Dadra ,Ministry of Home Affairs,Shri Nityanand Rai,Minister of State,"23092870, 23092595",
Ministry of Company Affairs,3,0,2,0,0,0,1,1,2026-08-12,The Government of India to launch the Central Bank Digital Currency (CBDC)-based Direct Benefit Transfer (DBT) in the Union Territories of Chandigarh and Dadra ,Ministry of Home Affairs,Shri Bandi Sanjay Kumar,Minister of State,"23092073, 23094054",
Ministry of Company Affairs,3,0,2,0,0,0,1,1,2026-08-12,The Government of India to launch the Central Bank Digital Currency (CBDC)-based Direct Benefit Transfer (DBT) in the Union Territories of Chandigarh and Dadra ,Ministry of Home Affairs,Shri Amit Shah,Minister,"23092462, 23094686",
"Ministry of Water Resources, River Development and Ganga Rejuvenation",3,0,2,0,1,0,0,0,2024-02-21,Cabinet approves Flood Management and Border Areas Programme (FMBAP) for the period 2021-26,"Department of Water Resources, River Development and Ganga Rejuvenation",Shri V. Somanna,Minister of State,24368618,mosoffice-mdws@nic.in
"Ministry of Water Resources, River Development and Ganga Rejuvenation",3,0,2,0,1,0,0,0,2024-02-21,Cabinet approves Flood Management and Border Areas Programme (FMBAP) for the period 2021-26,"Department of Water Resources, River Development and Ganga Rejuvenation",Shri Raj Bhushan Choudhary,Minister of State,23718759,mos-mowr@nic.in
"Ministry of Water Resources, River Development and Ganga Rejuvenation",3,0,2,0,1,0,0,0,2024-02-21,Cabinet approves Flood Management and Border Areas Programme (FMBAP) for the period 2021-26,"Department of Water Resources, River Development and Ganga Rejuvenation",Shri C R Patil,Minister,23714200,minister-jalshakti@gov.in
Finance Commission,1,1,0,0,0,0,0,0,2021-02-01,The Report of the Fifteenth Finance Commission,,,,,
Ministry of Agro & Rural Industries,1,0,0,0,0,0,1,1,2026-07-01,"Union Minister Shri Shivraj Singh Chouhan reaches Arunachal Pradesh; aerial survey deferred due to bad weather, to spend Tuesday among flood-affected families a",,,,,
