instrument,offering_entity,tier,status,instrument_type,source_url,matched_org,contact_name,designation,division,phones,email
Agriculture Infrastructure Fund (AIF),Agriculture & Farmers Welfare,central,open (inferred),3% interest subvention + CGTMSE guarantee,agriinfra.dac.gov.in,Ministry of Agriculture and Farmers Welfare,Shri Ram Nath Thakur,Minister of State,Ministry of Agriculture & Farmers Welfare,"23383975, 23383976",
Agriculture Infrastructure Fund (AIF),Agriculture & Farmers Welfare,central,open (inferred),3% interest subvention + CGTMSE guarantee,agriinfra.dac.gov.in,Ministry of Agriculture and Farmers Welfare,Shri Bhagirath Choudhary,Minister of State,Ministry of Agriculture & Farmers Welfare,"23782343, 23388165, 23015410",
Agriculture Infrastructure Fund (AIF),Agriculture & Farmers Welfare,central,open (inferred),3% interest subvention + CGTMSE guarantee,agriinfra.dac.gov.in,Ministry of Agriculture and Farmers Welfare,Shri Shivraj Singh Chouhan,Minister,Ministry of Agriculture & Farmers Welfare,"23383370, 23782691, 23794697",agrimin.india@gmail.com
MIDH,Agriculture & Farmers Welfare,central,open (inferred),credit-linked back-ended subsidy,,Ministry of Agriculture and Farmers Welfare,Shri Ram Nath Thakur,Minister of State,Ministry of Agriculture & Farmers Welfare,"23383975, 23383976",
MIDH,Agriculture & Farmers Welfare,central,open (inferred),credit-linked back-ended subsidy,,Ministry of Agriculture and Farmers Welfare,Shri Bhagirath Choudhary,Minister of State,Ministry of Agriculture & Farmers Welfare,"23782343, 23388165, 23015410",
MIDH,Agriculture & Farmers Welfare,central,open (inferred),credit-linked back-ended subsidy,,Ministry of Agriculture and Farmers Welfare,Shri Shivraj Singh Chouhan,Minister,Ministry of Agriculture & Farmers Welfare,"23383370, 23782691, 23794697",agrimin.india@gmail.com
PMFBY,Agriculture & Farmers Welfare,central,open (inferred),premium-subsidised insurance,,Ministry of Agriculture and Farmers Welfare,Shri Ram Nath Thakur,Minister of State,Ministry of Agriculture & Farmers Welfare,"23383975, 23383976",
PMFBY,Agriculture & Farmers Welfare,central,open (inferred),premium-subsidised insurance,,Ministry of Agriculture and Farmers Welfare,Shri Bhagirath Choudhary,Minister of State,Ministry of Agriculture & Farmers Welfare,"23782343, 23388165, 23015410",
PMFBY,Agriculture & Farmers Welfare,central,open (inferred),premium-subsidised insurance,,Ministry of Agriculture and Farmers Welfare,Shri Shivraj Singh Chouhan,Minister,Ministry of Agriculture & Farmers Welfare,"23383370, 23782691, 23794697",agrimin.india@gmail.com
e-NAM,Agriculture & Farmers Welfare,central,open (inferred),market access,,Ministry of Agriculture and Farmers Welfare,Shri Ram Nath Thakur,Minister of State,Ministry of Agriculture & Farmers Welfare,"23383975, 23383976",
e-NAM,Agriculture & Farmers Welfare,central,open (inferred),market access,,Ministry of Agriculture and Farmers Welfare,Shri Bhagirath Choudhary,Minister of State,Ministry of Agriculture & Farmers Welfare,"23782343, 23388165, 23015410",
e-NAM,Agriculture & Farmers Welfare,central,open (inferred),market access,,Ministry of Agriculture and Farmers Welfare,Shri Shivraj Singh Chouhan,Minister,Ministry of Agriculture & Farmers Welfare,"23383370, 23782691, 23794697",agrimin.india@gmail.com
Sugar export quotas + monthly release orders,DFPD (Food & PD),central,open (inferred),regulatory allocation,,,,,,,
PEG godown guarantee,DFPD (Food & PD),central,open (inferred),10y FCI hiring guarantee,,,,,,,
Silos under PPP,DFPD (Food & PD),central,open (inferred),DBFOO concessions,,,,,,,
WDRA e-NWR,DFPD (Food & PD),central,open (inferred),regulatory enablement,,,,,,,
World's Largest Grain Storage Plan,Ministry of Cooperation,central,open (inferred),convergence-funded infra,,Ministry of Cooperation,Shri Krishan Pal,Minister of State,,,
World's Largest Grain Storage Plan,Ministry of Cooperation,central,open (inferred),convergence-funded infra,,Ministry of Cooperation,Shri Murlidhar Mohol,Minister of State,,,
World's Largest Grain Storage Plan,Ministry of Cooperation,central,open (inferred),convergence-funded infra,,Ministry of Cooperation,Shri Amit Shah,Minister,,"20849035, 20849036",pstohm-cm@gov.in
World's Largest Grain Storage Plan,Ministry of Cooperation,central,open (inferred),convergence-funded infra,,Ministry of Cooperation,Shri Ashish Kumar Bhutani,Secretary,,20849022,secy-coop@gov.in
NCDC grant-in-aid for coop sugar mills,Ministry of Cooperation,central,open (inferred),grant via NCDC,,Ministry of Cooperation,Shri Krishan Pal,Minister of State,,,
NCDC grant-in-aid for coop sugar mills,Ministry of Cooperation,central,open (inferred),grant via NCDC,,Ministry of Cooperation,Shri Murlidhar Mohol,Minister of State,,,
NCDC grant-in-aid for coop sugar mills,Ministry of Cooperation,central,open (inferred),grant via NCDC,,Ministry of Cooperation,Shri Amit Shah,Minister,,"20849035, 20849036",pstohm-cm@gov.in
NCDC grant-in-aid for coop sugar mills,Ministry of Cooperation,central,open (inferred),grant via NCDC,,Ministry of Cooperation,Shri Ashish Kumar Bhutani,Secretary,,20849022,secy-coop@gov.in
NCDC loan family (Yuva/Ayushman/Nandini/Dairy Sahakar),Ministry of Cooperation,central,open (inferred),concessional loans,,Ministry of Cooperation,Shri Krishan Pal,Minister of State,,,
NCDC loan family (Yuva/Ayushman/Nandini/Dairy Sahakar),Ministry of Cooperation,central,open (inferred),concessional loans,,Ministry of Cooperation,Shri Murlidhar Mohol,Minister of State,,,
NCDC loan family (Yuva/Ayushman/Nandini/Dairy Sahakar),Ministry of Cooperation,central,open (inferred),concessional loans,,Ministry of Cooperation,Shri Amit Shah,Minister,,"20849035, 20849036",pstohm-cm@gov.in
NCDC loan family (Yuva/Ayushman/Nandini/Dairy Sahakar),Ministry of Cooperation,central,open (inferred),concessional loans,,Ministry of Cooperation,Shri Ashish Kumar Bhutani,Secretary,,20849022,secy-coop@gov.in
National Cooperation Policy 2025 + 80P tax + NCEL/BBSSL/NCOL,Ministry of Cooperation,central,open (inferred),policy/tax/market access,,Ministry of Cooperation,Shri Krishan Pal,Minister of State,,,
National Cooperation Policy 2025 + 80P tax + NCEL/BBSSL/NCOL,Ministry of Cooperation,central,open (inferred),policy/tax/market access,,Ministry of Cooperation,Shri Murlidhar Mohol,Minister of State,,,
National Cooperation Policy 2025 + 80P tax + NCEL/BBSSL/NCOL,Ministry of Cooperation,central,open (inferred),policy/tax/market access,,Ministry of Cooperation,Shri Amit Shah,Minister,,"20849035, 20849036",pstohm-cm@gov.in
National Cooperation Policy 2025 + 80P tax + NCEL/BBSSL/NCOL,Ministry of Cooperation,central,open (inferred),policy/tax/market access,,Ministry of Cooperation,Shri Ashish Kumar Bhutani,Secretary,,20849022,secy-coop@gov.in
Vehicle Scrapping / RVSF investor track,MoRTH,central,open (inferred),regulatory licence + demand-side fiscal push,,,,,,,
Automated Testing Stations (ATS),MoRTH,central,open (inferred),licence + mandated captive demand,,,,,,,
BOT/HAM/TOT/InvIT highway products,MoRTH,central,open (inferred),concessions,,,,,,,
Gati Shakti Cargo Terminal (GCT) policy,Ministry of Railways,central,open (inferred),terminal development rights,,Ministry of Railways,Shri V. Somanna,Minister of State,Ministry of Railways,,
Gati Shakti Cargo Terminal (GCT) policy,Ministry of Railways,central,open (inferred),terminal development rights,,Ministry of Railways,Shri Ravneet Singh,Minister of State,Ministry of Railways,,
Gati Shakti Cargo Terminal (GCT) policy,Ministry of Railways,central,open (inferred),terminal development rights,,Ministry of Railways,Shri Ashwini Vaishnaw,Minister,Ministry of Railways,"23386645, 23017061",officeofmr@gov.in
Bharat Gaurav trains,Ministry of Railways,central,open (inferred),rake leasing + operation rights,,Ministry of Railways,Shri V. Somanna,Minister of State,Ministry of Railways,,
Bharat Gaurav trains,Ministry of Railways,central,open (inferred),rake leasing + operation rights,,Ministry of Railways,Shri Ravneet Singh,Minister of State,Ministry of Railways,,
Bharat Gaurav trains,Ministry of Railways,central,open (inferred),rake leasing + operation rights,,Ministry of Railways,Shri Ashwini Vaishnaw,Minister,Ministry of Railways,"23386645, 23017061",officeofmr@gov.in
Invest in Rolling Stock (GPWIS-type),Ministry of Railways,central,open (inferred),freight concessions vs wagon investment,,Ministry of Railways,Shri V. Somanna,Minister of State,Ministry of Railways,,
Invest in Rolling Stock (GPWIS-type),Ministry of Railways,central,open (inferred),freight concessions vs wagon investment,,Ministry of Railways,Shri Ravneet Singh,Minister of State,Ministry of Railways,,
Invest in Rolling Stock (GPWIS-type),Ministry of Railways,central,open (inferred),freight concessions vs wagon investment,,Ministry of Railways,Shri Ashwini Vaishnaw,Minister,Ministry of Railways,"23386645, 23017061",officeofmr@gov.in
Amrit Bharat Station Scheme,Ministry of Railways,central,open (inferred),EPC + commercial development,,Ministry of Railways,Shri V. Somanna,Minister of State,Ministry of Railways,,
Amrit Bharat Station Scheme,Ministry of Railways,central,open (inferred),EPC + commercial development,,Ministry of Railways,Shri Ravneet Singh,Minister of State,Ministry of Railways,,
Amrit Bharat Station Scheme,Ministry of Railways,central,open (inferred),EPC + commercial development,,Ministry of Railways,Shri Ashwini Vaishnaw,Minister,Ministry of Railways,"23386645, 23017061",officeofmr@gov.in
Private train operations 2020 PPP,Ministry of Railways,central,open (inferred),LAPSED,,Ministry of Railways,Shri V. Somanna,Minister of State,Ministry of Railways,,
Private train operations 2020 PPP,Ministry of Railways,central,open (inferred),LAPSED,,Ministry of Railways,Shri Ravneet Singh,Minister of State,Ministry of Railways,,
Private train operations 2020 PPP,Ministry of Railways,central,open (inferred),LAPSED,,Ministry of Railways,Shri Ashwini Vaishnaw,Minister,Ministry of Railways,"23386645, 23017061",officeofmr@gov.in
Marketing Development Assistance (MDA),Ministry of Tourism,central,open (inferred),reimbursement to tourism companies,,Ministry of Tourism,Shri Suresh Gopi,Minister of State,Ministry of Tourism,"23724161, 23715717",mos-tourism@gov.in
Marketing Development Assistance (MDA),Ministry of Tourism,central,open (inferred),reimbursement to tourism companies,,Ministry of Tourism,Shri Gajendra Singh Shekhawat,Minister,Ministry of Tourism,"23718310, 23717969",g.shekhawat@sansad.nic.in
Marketing Development Assistance (MDA),Ministry of Tourism,central,open (inferred),reimbursement to tourism companies,,Ministry of Tourism,Shri Bhuvnesh Kumar,Secretary,Ministry of Tourism,"23711792, 23321395",secretary-tourism@gov.in
Swadesh Darshan 2.0 + CBDD,Ministry of Tourism,central,open (inferred),state-routed CFA; PPP openings,,Ministry of Tourism,Shri Suresh Gopi,Minister of State,Ministry of Tourism,"23724161, 23715717",mos-tourism@gov.in
Swadesh Darshan 2.0 + CBDD,Ministry of Tourism,central,open (inferred),state-routed CFA; PPP openings,,Ministry of Tourism,Shri Gajendra Singh Shekhawat,Minister,Ministry of Tourism,"23718310, 23717969",g.shekhawat@sansad.nic.in
Swadesh Darshan 2.0 + CBDD,Ministry of Tourism,central,open (inferred),state-routed CFA; PPP openings,,Ministry of Tourism,Shri Bhuvnesh Kumar,Secretary,Ministry of Tourism,"23711792, 23321395",secretary-tourism@gov.in
"PM-SETU (NEW, Apr-2026)",MSDE (+ Labour employer-facing),central,open (inferred),industry co-investment partnership,,,,,,,
NAPS/NAPS-2,MSDE (+ Labour employer-facing),central,open (inferred),stipend cost-sharing,,,,,,,
PMKVY 4.0 / Skill India Digital,MSDE (+ Labour employer-facing),central,open (inferred),funded training delivery,,,,,,,
Flexi-MoU + Dual System of Training,MSDE (+ Labour employer-facing),central,open (inferred),regulatory flexibility,,,,,,,
PPP Viability Gap Funding,Ministry of Finance (DEA/DFS/IFSCA/NCGTC),central,open (inferred),capital grant,dea.gov.in/schemes-services/viability-gap-funding-scheme,Ministry of Finance,Shri Pankaj Chaowdhary,Minister of State,Ministry of Finance,"011-24012401, 011-24012402",mosfinance@nic.in
PPP Viability Gap Funding,Ministry of Finance (DEA/DFS/IFSCA/NCGTC),central,open (inferred),capital grant,dea.gov.in/schemes-services/viability-gap-funding-scheme,Ministry of Finance,Smt. Nirmala Sitharaman,Minister,Ministry of Finance,"011-24012101, 011-24012102",appointment.fm@gov.in
PPP Viability Gap Funding,Ministry of Finance (DEA/DFS/IFSCA/NCGTC),central,open (inferred),capital grant,dea.gov.in/schemes-services/viability-gap-funding-scheme,Ministry of Finance,Shri V. Vualnam,Finance Secretary,Ministry of Finance,"011-24012000, 011-24012001",secyexp@nic.in
IIPDF,Ministry of Finance (DEA/DFS/IFSCA/NCGTC),central,open (inferred),project-dev funding,,Ministry of Finance,Shri Pankaj Chaowdhary,Minister of State,Ministry of Finance,"011-24012401, 011-24012402",mosfinance@nic.in
IIPDF,Ministry of Finance (DEA/DFS/IFSCA/NCGTC),central,open (inferred),project-dev funding,,Ministry of Finance,Smt. Nirmala Sitharaman,Minister,Ministry of Finance,"011-24012101, 011-24012102",appointment.fm@gov.in
IIPDF,Ministry of Finance (DEA/DFS/IFSCA/NCGTC),central,open (inferred),project-dev funding,,Ministry of Finance,Shri V. Vualnam,Finance Secretary,Ministry of Finance,"011-24012000, 011-24012001",secyexp@nic.in
IDEAS concessional LOCs,Ministry of Finance (DEA/DFS/IFSCA/NCGTC),central,open (inferred),export facilitation,,Ministry of Finance,Shri Pankaj Chaowdhary,Minister of State,Ministry of Finance,"011-24012401, 011-24012402",mosfinance@nic.in
IDEAS concessional LOCs,Ministry of Finance (DEA/DFS/IFSCA/NCGTC),central,open (inferred),export facilitation,,Ministry of Finance,Smt. Nirmala Sitharaman,Minister,Ministry of Finance,"011-24012101, 011-24012102",appointment.fm@gov.in
IDEAS concessional LOCs,Ministry of Finance (DEA/DFS/IFSCA/NCGTC),central,open (inferred),export facilitation,,Ministry of Finance,Shri V. Vualnam,Finance Secretary,Ministry of Finance,"011-24012000, 011-24012001",secyexp@nic.in
GSCD corporate-debt guarantee,Ministry of Finance (DEA/DFS/IFSCA/NCGTC),central,open (inferred),credit guarantee,,Ministry of Finance,Shri Pankaj Chaowdhary,Minister of State,Ministry of Finance,"011-24012401, 011-24012402",mosfinance@nic.in
GSCD corporate-debt guarantee,Ministry of Finance (DEA/DFS/IFSCA/NCGTC),central,open (inferred),credit guarantee,,Ministry of Finance,Smt. Nirmala Sitharaman,Minister,Ministry of Finance,"011-24012101, 011-24012102",appointment.fm@gov.in
GSCD corporate-debt guarantee,Ministry of Finance (DEA/DFS/IFSCA/NCGTC),central,open (inferred),credit guarantee,,Ministry of Finance,Shri V. Vualnam,Finance Secretary,Ministry of Finance,"011-24012000, 011-24012001",secyexp@nic.in
NIIF + SWAMIH + SME Fund,Ministry of Finance (DEA/DFS/IFSCA/NCGTC),central,open (inferred),equity,,Ministry of Finance,Shri Pankaj Chaowdhary,Minister of State,Ministry of Finance,"011-24012401, 011-24012402",mosfinance@nic.in
NIIF + SWAMIH + SME Fund,Ministry of Finance (DEA/DFS/IFSCA/NCGTC),central,open (inferred),equity,,Ministry of Finance,Smt. Nirmala Sitharaman,Minister,Ministry of Finance,"011-24012101, 011-24012102",appointment.fm@gov.in
NIIF + SWAMIH + SME Fund,Ministry of Finance (DEA/DFS/IFSCA/NCGTC),central,open (inferred),equity,,Ministry of Finance,Shri V. Vualnam,Finance Secretary,Ministry of Finance,"011-24012000, 011-24012001",secyexp@nic.in
GIFT IFSC regime,Ministry of Finance (DEA/DFS/IFSCA/NCGTC),central,open (inferred),tax holiday + single-window,ifsca.gov.in,Ministry of Finance,Shri Pankaj Chaowdhary,Minister of State,Ministry of Finance,"011-24012401, 011-24012402",mosfinance@nic.in
GIFT IFSC regime,Ministry of Finance (DEA/DFS/IFSCA/NCGTC),central,open (inferred),tax holiday + single-window,ifsca.gov.in,Ministry of Finance,Smt. Nirmala Sitharaman,Minister,Ministry of Finance,"011-24012101, 011-24012102",appointment.fm@gov.in
GIFT IFSC regime,Ministry of Finance (DEA/DFS/IFSCA/NCGTC),central,open (inferred),tax holiday + single-window,ifsca.gov.in,Ministry of Finance,Shri V. Vualnam,Finance Secretary,Ministry of Finance,"011-24012000, 011-24012001",secyexp@nic.in
IFSCA FinTech Incentive Scheme 2022 + sandbox,Ministry of Finance (DEA/DFS/IFSCA/NCGTC),central,open (inferred),grants,,Ministry of Finance,Shri Pankaj Chaowdhary,Minister of State,Ministry of Finance,"011-24012401, 011-24012402",mosfinance@nic.in
IFSCA FinTech Incentive Scheme 2022 + sandbox,Ministry of Finance (DEA/DFS/IFSCA/NCGTC),central,open (inferred),grants,,Ministry of Finance,Smt. Nirmala Sitharaman,Minister,Ministry of Finance,"011-24012101, 011-24012102",appointment.fm@gov.in
IFSCA FinTech Incentive Scheme 2022 + sandbox,Ministry of Finance (DEA/DFS/IFSCA/NCGTC),central,open (inferred),grants,,Ministry of Finance,Shri V. Vualnam,Finance Secretary,Ministry of Finance,"011-24012000, 011-24012001",secyexp@nic.in
Ship & aircraft leasing regime (GIFT),Ministry of Finance (DEA/DFS/IFSCA/NCGTC),central,open (inferred),tax-advantaged regime,,Ministry of Finance,Shri Pankaj Chaowdhary,Minister of State,Ministry of Finance,"011-24012401, 011-24012402",mosfinance@nic.in
Ship & aircraft leasing regime (GIFT),Ministry of Finance (DEA/DFS/IFSCA/NCGTC),central,open (inferred),tax-advantaged regime,,Ministry of Finance,Smt. Nirmala Sitharaman,Minister,Ministry of Finance,"011-24012101, 011-24012102",appointment.fm@gov.in
Ship & aircraft leasing regime (GIFT),Ministry of Finance (DEA/DFS/IFSCA/NCGTC),central,open (inferred),tax-advantaged regime,,Ministry of Finance,Shri V. Vualnam,Finance Secretary,Ministry of Finance,"011-24012000, 011-24012001",secyexp@nic.in
MCGS-MSME (2025),Ministry of Finance (DEA/DFS/IFSCA/NCGTC),central,open (inferred),credit guarantee,financialservices.gov.in,Ministry of Finance,Shri Pankaj Chaowdhary,Minister of State,Ministry of Finance,"011-24012401, 011-24012402",mosfinance@nic.in
MCGS-MSME (2025),Ministry of Finance (DEA/DFS/IFSCA/NCGTC),central,open (inferred),credit guarantee,financialservices.gov.in,Ministry of Finance,Smt. Nirmala Sitharaman,Minister,Ministry of Finance,"011-24012101, 011-24012102",appointment.fm@gov.in
MCGS-MSME (2025),Ministry of Finance (DEA/DFS/IFSCA/NCGTC),central,open (inferred),credit guarantee,financialservices.gov.in,Ministry of Finance,Shri V. Vualnam,Finance Secretary,Ministry of Finance,"011-24012000, 011-24012001",secyexp@nic.in
MUDRA + Stand-Up India + NCGTC funds,Ministry of Finance (DEA/DFS/IFSCA/NCGTC),central,open (inferred),guaranteed credit,,Ministry of Finance,Shri Pankaj Chaowdhary,Minister of State,Ministry of Finance,"011-24012401, 011-24012402",mosfinance@nic.in
MUDRA + Stand-Up India + NCGTC funds,Ministry of Finance (DEA/DFS/IFSCA/NCGTC),central,open (inferred),guaranteed credit,,Ministry of Finance,Smt. Nirmala Sitharaman,Minister,Ministry of Finance,"011-24012101, 011-24012102",appointment.fm@gov.in
MUDRA + Stand-Up India + NCGTC funds,Ministry of Finance (DEA/DFS/IFSCA/NCGTC),central,open (inferred),guaranteed credit,,Ministry of Finance,Shri V. Vualnam,Finance Secretary,Ministry of Finance,"011-24012000, 011-24012001",secyexp@nic.in
Startup 80-IAC tax holiday,Ministry of Finance (DEA/DFS/IFSCA/NCGTC),central,open (inferred),tax holiday,,Ministry of Finance,Shri Pankaj Chaowdhary,Minister of State,Ministry of Finance,"011-24012401, 011-24012402",mosfinance@nic.in
Startup 80-IAC tax holiday,Ministry of Finance (DEA/DFS/IFSCA/NCGTC),central,open (inferred),tax holiday,,Ministry of Finance,Smt. Nirmala Sitharaman,Minister,Ministry of Finance,"011-24012101, 011-24012102",appointment.fm@gov.in
Startup 80-IAC tax holiday,Ministry of Finance (DEA/DFS/IFSCA/NCGTC),central,open (inferred),tax holiday,,Ministry of Finance,Shri V. Vualnam,Finance Secretary,Ministry of Finance,"011-24012000, 011-24012001",secyexp@nic.in
"AIM 2.0 (Rs 2,750cr to Mar-2028)",NITI Aayog / AIM,central,open (inferred),grant umbrella,aim.gov.in,,,,,,
AIC incubator grants,NITI Aayog / AIM,central,open (inferred),grant,,,,,,,
ANIC,NITI Aayog / AIM,central,open (inferred),milestone grant,,,,,,,
ACIC,NITI Aayog / AIM,central,open (inferred),grant,,,,,,,
WEP,NITI Aayog / AIM,central,open (inferred),facilitation,,,,,,,
"RDSS (Rs 3.04L cr, FY22-FY26 final year)",Ministry of Power,central,open (inferred),results-linked grant + AMISP concessions,,Ministry of Power,Shri Shripad Yesso Naik,Minister of State,Ministry of Power,"23720450, 23720451",
"RDSS (Rs 3.04L cr, FY22-FY26 final year)",Ministry of Power,central,open (inferred),results-linked grant + AMISP concessions,,Ministry of Power,Shri Manohar Lal,Minister,Ministry of Power,"23717474, 23710411",
"RDSS (Rs 3.04L cr, FY22-FY26 final year)",Ministry of Power,central,open (inferred),results-linked grant + AMISP concessions,,Ministry of Power,Shri Pankaj Agarwal,Secretary,Ministry of Power,23721487,secy-power@nic.in
BESS VGF via PSDF (Jul-2025),Ministry of Power,central,open (inferred),viability-gap,,Ministry of Power,Shri Shripad Yesso Naik,Minister of State,Ministry of Power,"23720450, 23720451",
BESS VGF via PSDF (Jul-2025),Ministry of Power,central,open (inferred),viability-gap,,Ministry of Power,Shri Manohar Lal,Minister,Ministry of Power,"23717474, 23710411",
BESS VGF via PSDF (Jul-2025),Ministry of Power,central,open (inferred),viability-gap,,Ministry of Power,Shri Pankaj Agarwal,Secretary,Ministry of Power,23721487,secy-power@nic.in
Pumped-storage TBCB (26-May-2026),Ministry of Power,central,open (inferred),assured offtake,,Ministry of Power,Shri Shripad Yesso Naik,Minister of State,Ministry of Power,"23720450, 23720451",
Pumped-storage TBCB (26-May-2026),Ministry of Power,central,open (inferred),assured offtake,,Ministry of Power,Shri Manohar Lal,Minister,Ministry of Power,"23717474, 23710411",
Pumped-storage TBCB (26-May-2026),Ministry of Power,central,open (inferred),assured offtake,,Ministry of Power,Shri Pankaj Agarwal,Secretary,Ministry of Power,23721487,secy-power@nic.in
ISTS private transmission TBCB,Ministry of Power,central,open (inferred),35y concessions,,Ministry of Power,Shri Shripad Yesso Naik,Minister of State,Ministry of Power,"23720450, 23720451",
ISTS private transmission TBCB,Ministry of Power,central,open (inferred),35y concessions,,Ministry of Power,Shri Manohar Lal,Minister,Ministry of Power,"23717474, 23710411",
ISTS private transmission TBCB,Ministry of Power,central,open (inferred),35y concessions,,Ministry of Power,Shri Pankaj Agarwal,Secretary,Ministry of Power,23721487,secy-power@nic.in
Hydro flood-moderation budgetary support,Ministry of Power,central,open (inferred),capital grant,,Ministry of Power,Shri Shripad Yesso Naik,Minister of State,Ministry of Power,"23720450, 23720451",
Hydro flood-moderation budgetary support,Ministry of Power,central,open (inferred),capital grant,,Ministry of Power,Shri Manohar Lal,Minister,Ministry of Power,"23717474, 23710411",
Hydro flood-moderation budgetary support,Ministry of Power,central,open (inferred),capital grant,,Ministry of Power,Shri Pankaj Agarwal,Secretary,Ministry of Power,23721487,secy-power@nic.in
FDRE procurement guidelines,Ministry of Power,central,open (inferred),PPA framework,,Ministry of Power,Shri Shripad Yesso Naik,Minister of State,Ministry of Power,"23720450, 23720451",
FDRE procurement guidelines,Ministry of Power,central,open (inferred),PPA framework,,Ministry of Power,Shri Manohar Lal,Minister,Ministry of Power,"23717474, 23710411",
FDRE procurement guidelines,Ministry of Power,central,open (inferred),PPA framework,,Ministry of Power,Shri Pankaj Agarwal,Secretary,Ministry of Power,23721487,secy-power@nic.in
Urban Challenge Fund Rs 1L cr,MoHUA,central,open (inferred),challenge CA ~25% + mandatory market leverage,,,,,,,
PM-eBus Sewa + PSM,MoHUA,central,open (inferred),per-km CA + payment security,,,,,,,
PMAY-U 2.0 (AHP + ARH verticals),MoHUA,central,open (inferred),per-unit CA / concessions,,,,,,,
TOD policy + Delhi TOD Regulations 2026,MoHUA,central,open (inferred),development-rights incentive,,,,,,,
AMRUT 2.0 / SBM-U 2.0,MoHUA,central,open (inferred),infra procurement w/ PPP elements,,,,,,,
JJM,Ministry of Jal Shakti,central,open (inferred),procurement NOT incentive,,Ministry of Jal Shakti,Shri V. Somanna,Minister of State,Ministry of Jal Shakti,24368618,mosoffice-mdws@nic.in
JJM,Ministry of Jal Shakti,central,open (inferred),procurement NOT incentive,,Ministry of Jal Shakti,Shri Raj Bhushan Choudhary,Minister of State,Ministry of Jal Shakti,23718759,mos-mowr@nic.in
JJM,Ministry of Jal Shakti,central,open (inferred),procurement NOT incentive,,Ministry of Jal Shakti,Shri C R Patil,Minister,Ministry of Jal Shakti,23714200,minister-jalshakti@gov.in
Atal Bhujal,Ministry of Jal Shakti,central,open (inferred),state-facing DLI,,Ministry of Jal Shakti,Shri V. Somanna,Minister of State,Ministry of Jal Shakti,24368618,mosoffice-mdws@nic.in
Atal Bhujal,Ministry of Jal Shakti,central,open (inferred),state-facing DLI,,Ministry of Jal Shakti,Shri Raj Bhushan Choudhary,Minister of State,Ministry of Jal Shakti,23718759,mos-mowr@nic.in
Atal Bhujal,Ministry of Jal Shakti,central,open (inferred),state-facing DLI,,Ministry of Jal Shakti,Shri C R Patil,Minister,Ministry of Jal Shakti,23714200,minister-jalshakti@gov.in
iDEX,MoD (DDP/DRDO),central,open (inferred),R&D grant,ddpmod.gov.in + idex.gov.in,,,,,,
ADITI,MoD (DDP/DRDO),central,open (inferred),large R&D grant,,,,,,,
DTIS,MoD (DDP/DRDO),central,open (inferred),capital grant,,,,,,,
SRIJAN + Positive Indigenisation Lists,MoD (DDP/DRDO),central,open (inferred),assured market access,,,,,,,
Make-I / Make-II (DAP-2020),MoD (DDP/DRDO),central,open (inferred),funded prototyping / assured order,,,,,,,
Indian Space Policy 2023,Department of Space,central,open (inferred),liberalisation/market access,isro.gov.in/IndiaSpacePolicy.html,Department of Space,Dr. Jitendra Singh,Minister of State,Department of Space,,
Indian Space Policy 2023,Department of Space,central,open (inferred),liberalisation/market access,isro.gov.in/IndiaSpacePolicy.html,Department of Space,Shri Narendra Modi,Prime Minister,Department of Space,,
Indian Space Policy 2023,Department of Space,central,open (inferred),liberalisation/market access,isro.gov.in/IndiaSpacePolicy.html,Department of Space,Dr. V. Narayanan,Secretary,Department of Space,,
DAE Technology Transfer,DAE,central,open (inferred),tech licensing,,Department of Atomic Energy,Dr. Jitendra Singh,Minister of State,Department of Atomic Energy,,
DAE Technology Transfer,DAE,central,open (inferred),tech licensing,,Department of Atomic Energy,Shri Narendra Modi,Prime Minister,Department of Atomic Energy,,
DAE Technology Transfer,DAE,central,open (inferred),tech licensing,,Department of Atomic Energy,Shri Ajit K. Mohanty,Secretary,,22022543,chairman@dae.gov.in
Bharat Small Reactors private participation,DAE,central,open (inferred),policy signal only,,Department of Atomic Energy,Dr. Jitendra Singh,Minister of State,Department of Atomic Energy,,
Bharat Small Reactors private participation,DAE,central,open (inferred),policy signal only,,Department of Atomic Energy,Shri Narendra Modi,Prime Minister,Department of Atomic Energy,,
Bharat Small Reactors private participation,DAE,central,open (inferred),policy signal only,,Department of Atomic Energy,Shri Ajit K. Mohanty,Secretary,,22022543,chairman@dae.gov.in
"NIDHI umbrella (PRAYAS/PRAYAS 2.0, SSP, EiR, Accelerator, TBI/iTBI)",MoST -- DST/TDB,central,open (inferred),grants/seed via incubators,nidhi.dst.gov.in,,,,,,
RDI Fund / RDIF (NEW FLAGSHIP),MoST -- DST/TDB,central,open (inferred),long-tenor concessional financing,,,,,,,
TDB core funding,MoST -- DST/TDB,central,open (inferred),soft loans/equity/grants,,,,,,,
BioE3 joint-call family,MoST -- DBT/BIRAC,central,open (inferred),grants across biomanufacturing verticals,,,,,,,
Grand Challenges India,MoST -- DBT/BIRAC,central,open (inferred),challenge grants,,,,,,,
PRISM,MoST -- DSIR,central,open (inferred),innovator/MSME grants via TOCICs,,,,,,,
In-house R&D / SIRO recognition,MoST -- DSIR,central,open (inferred),gateway recognition unlocking tax/customs benefits,,,,,,,
A2K+ studies,MoST -- DSIR,central,open (inferred),study grants,,,,,,,
Deep Ocean Mission / PRITHVi,Ministry of Earth Sciences,central,open (inferred),mission procurement,,Ministry of Earth Sciences,Dr. Jitendra Singh,Minister,Minister of State (Independent Charge),"24629788, 24629789",mos-stes@gov.in
Deep Ocean Mission / PRITHVi,Ministry of Earth Sciences,central,open (inferred),mission procurement,,Ministry of Earth Sciences,Ms. N. Kalaiselvi,Secretary,Ministry of Earth Sciences,"011-24629771, 011-24629772",secretary@moes.gov.in
AOGUSY,Ministry of AYUSH,central,open (inferred),quality/production support,,Ministry of AYUSH,Shri Jadhav Prataprao Ganpatrao,Minister of State (Independent Charge),"Ministry of Ayurveda, Yoga and Naturopathy, Unani, Siddha and Homoeopathy (AYUSH)","24651955, 24651935",minister-ayush@nic.in
AOGUSY,Ministry of AYUSH,central,open (inferred),quality/production support,,Ministry of AYUSH,Shri Rajesh Kotecha,Secretary,"Ministry of Ayurveda, Yoga and Naturopathy, Unani, Siddha and Homoeopathy (AYUSH)",24651950,secy-ayush@nic.in
International Co-operation incentive,Ministry of AYUSH,central,open (inferred),export promotion reimbursement,,Ministry of AYUSH,Shri Jadhav Prataprao Ganpatrao,Minister of State (Independent Charge),"Ministry of Ayurveda, Yoga and Naturopathy, Unani, Siddha and Homoeopathy (AYUSH)","24651955, 24651935",minister-ayush@nic.in
International Co-operation incentive,Ministry of AYUSH,central,open (inferred),export promotion reimbursement,,Ministry of AYUSH,Shri Rajesh Kotecha,Secretary,"Ministry of Ayurveda, Yoga and Naturopathy, Unani, Siddha and Homoeopathy (AYUSH)",24651950,secy-ayush@nic.in
AYURSWASTHYA (CoE),Ministry of AYUSH,central,open (inferred),institution grants,,Ministry of AYUSH,Shri Jadhav Prataprao Ganpatrao,Minister of State (Independent Charge),"Ministry of Ayurveda, Yoga and Naturopathy, Unani, Siddha and Homoeopathy (AYUSH)","24651955, 24651935",minister-ayush@nic.in
AYURSWASTHYA (CoE),Ministry of AYUSH,central,open (inferred),institution grants,,Ministry of AYUSH,Shri Rajesh Kotecha,Secretary,"Ministry of Ayurveda, Yoga and Naturopathy, Unani, Siddha and Homoeopathy (AYUSH)",24651950,secy-ayush@nic.in
Green Credit Programme 2023,MoEFCC,central,open (inferred),tradeable green credits,,"Ministry of Environment, Forest and Climate Change",Shri Kirtivardhan Singh,Minister of State,"Ministry of Environment, Forest and Climate Change","011-20819418, 011-20819421, 011-23794971",
Green Credit Programme 2023,MoEFCC,central,open (inferred),tradeable green credits,,"Ministry of Environment, Forest and Climate Change",Shri Bhupender Yadav,Minister,"Ministry of Environment, Forest and Climate Change","011-20819190, 011-20819187, 011-23014243",mefcc@gov.in
Green Credit Programme 2023,MoEFCC,central,open (inferred),tradeable green credits,,"Ministry of Environment, Forest and Climate Change",Shri Tanmay Kumar,Secretary,"Ministry of Environment, Forest and Climate Change","011-20819308, 011-20819408",secy-moef@nic.in
Foreign film production incentive,Ministry of I&B,central,open (inferred),cash reimbursement,,Ministry of Information and Broadcasting,Dr. L. Murugan,Minister of State,Ministry of Information and Broadcasting,,mos-moib@gov.in
Foreign film production incentive,Ministry of I&B,central,open (inferred),cash reimbursement,,Ministry of Information and Broadcasting,Shri Ashwini Vaishnaw,Minister,Ministry of Information and Broadcasting,,minister.inb@gov.in
Foreign film production incentive,Ministry of I&B,central,open (inferred),cash reimbursement,,Ministry of Information and Broadcasting,Shri Chanchal Kumar,Secretary,Ministry of Information and Broadcasting,011-24015801,secy.inb@nic.in
Official co-production incentive,Ministry of I&B,central,open (inferred),cash reimbursement,,Ministry of Information and Broadcasting,Dr. L. Murugan,Minister of State,Ministry of Information and Broadcasting,,mos-moib@gov.in
Official co-production incentive,Ministry of I&B,central,open (inferred),cash reimbursement,,Ministry of Information and Broadcasting,Shri Ashwini Vaishnaw,Minister,Ministry of Information and Broadcasting,,minister.inb@gov.in
Official co-production incentive,Ministry of I&B,central,open (inferred),cash reimbursement,,Ministry of Information and Broadcasting,Shri Chanchal Kumar,Secretary,Ministry of Information and Broadcasting,011-24015801,secy.inb@nic.in
Animation/post/VFX services incentive,Ministry of I&B,central,open (inferred),cash reimbursement,,Ministry of Information and Broadcasting,Dr. L. Murugan,Minister of State,Ministry of Information and Broadcasting,,mos-moib@gov.in
Animation/post/VFX services incentive,Ministry of I&B,central,open (inferred),cash reimbursement,,Ministry of Information and Broadcasting,Shri Ashwini Vaishnaw,Minister,Ministry of Information and Broadcasting,,minister.inb@gov.in
Animation/post/VFX services incentive,Ministry of I&B,central,open (inferred),cash reimbursement,,Ministry of Information and Broadcasting,Shri Chanchal Kumar,Secretary,Ministry of Information and Broadcasting,011-24015801,secy.inb@nic.in
"PM-DevINE Rs 6,600cr",MDoNER,central,open (inferred),project funding,,Ministry of Development of North Eastern Region,Shri Sukanta Majumdar,Minister of State,Ministry of Development of North Eastern Region,21410716,sukanta.majumdar@sansad.nic.in
"PM-DevINE Rs 6,600cr",MDoNER,central,open (inferred),project funding,,Ministry of Development of North Eastern Region,Shri Jyotiraditya M. Scindia,Minister,Ministry of Development of North Eastern Region,"21411729, 23739191",min-mdoner@gov.in
"PM-DevINE Rs 6,600cr",MDoNER,central,open (inferred),project funding,,Ministry of Development of North Eastern Region,Ms. Nivedita Shukla Verma,Secretary,Ministry of Development of North Eastern Region,21411140,secydoner@nic.in
NESIDS (Roads/OTRI),MDoNER,central,open (inferred),infra funding,,Ministry of Development of North Eastern Region,Shri Sukanta Majumdar,Minister of State,Ministry of Development of North Eastern Region,21410716,sukanta.majumdar@sansad.nic.in
NESIDS (Roads/OTRI),MDoNER,central,open (inferred),infra funding,,Ministry of Development of North Eastern Region,Shri Jyotiraditya M. Scindia,Minister,Ministry of Development of North Eastern Region,"21411729, 23739191",min-mdoner@gov.in
NESIDS (Roads/OTRI),MDoNER,central,open (inferred),infra funding,,Ministry of Development of North Eastern Region,Ms. Nivedita Shukla Verma,Secretary,Ministry of Development of North Eastern Region,21411140,secydoner@nic.in
UP Industrial Investment & Employment Promotion Policy 2022 (IIEPP),Uttar Pradesh,state,Active,Capital subsidy (one of 3 mutually exclusive options) + stamp duty exemption + boosters,https://invest.up.gov.in/uttar-pradesh-industrial-investment-employment-promotion-policy-2022/,MyGov Uttar Pradesh,Shri Ajit Kumar,CEO,MyGov,"011-24369222, 011-24301913",compliance-officer@mygov.in
UP Electronics Component Manufacturing Policy 2025 (First Amendment),Uttar Pradesh,state,Active (First Amendment; English policy document updated on site 20 May 2026),State top-up on central ECMS + capital subsidy + land/stamp/electricity concessions,https://invest.up.gov.in/uttar-pradesh-electronics-component-manufacturing-policy-2025,MyGov Uttar Pradesh,Shri Ajit Kumar,CEO,MyGov,"011-24369222, 011-24301913",compliance-officer@mygov.in
UP Electronics Manufacturing Policy 2020,Uttar Pradesh,state,Active (listed),"Capital/interest subsidy, stamp duty and land incentives for ESDM units",https://invest.up.gov.in/uttar-pradesh-electronics-manufacturing-policy-2020/,MyGov Uttar Pradesh,Shri Ajit Kumar,CEO,MyGov,"011-24369222, 011-24301913",compliance-officer@mygov.in
UP Electric Vehicle Manufacturing & Mobility Policy 2022,Uttar Pradesh,state,Active (listed; live subsidy portal linked),Manufacturing capital subsidy + demand incentives,https://invest.up.gov.in/uttar-pradesh-electric-vehicle-manufacturing-policy-2022/,MyGov Uttar Pradesh,Shri Ajit Kumar,CEO,MyGov,"011-24369222, 011-24301913",compliance-officer@mygov.in
UP Defence & Aerospace Unit and Employment Promotion Policy 2022 (Defence Corridor),Uttar Pradesh,state,2022 policy listed; 2025 defence policy page live on invest.up.gov.in,"Capital subsidy, land concessions in UP Defence Industrial Corridor nodes",https://invest.up.gov.in/uttar-pradesh-defence-aerospace-unit-employment-promotion-policy-2022/,MyGov Uttar Pradesh,Shri Ajit Kumar,CEO,MyGov,"011-24369222, 011-24301913",compliance-officer@mygov.in
UP Data Centre Policy 2021 / Data Centre Policy 2026,Uttar Pradesh,state,2026 policy listed (appears to supersede/extend 2021),"Capital subsidy, dual-grid power, stamp duty exemption for data centre parks/units",https://invest.up.gov.in/uttar-pradesh-data-centre-policy-2026,MyGov Uttar Pradesh,Shri Ajit Kumar,CEO,MyGov,"011-24369222, 011-24301913",compliance-officer@mygov.in
UP Textile & Garmenting Policy 2022,Uttar Pradesh,state,Active (listed),Capital subsidy + employment-linked incentives for textile units,https://invest.up.gov.in/up-textile-and-garmenting-policy-2022,MyGov Uttar Pradesh,Shri Ajit Kumar,CEO,MyGov,"011-24369222, 011-24301913",compliance-officer@mygov.in
"UP FDI/FCI, Fortune Global 500 & Fortune India 500 Companies Investment Promotion Policy 2023",Uttar Pradesh,state,Active (listed),Enhanced/fast-tracked incentive package for FDI and Fortune-500 investors,https://invest.up.gov.in/policies/,MyGov Uttar Pradesh,Shri Ajit Kumar,CEO,MyGov,"011-24369222, 011-24301913",compliance-officer@mygov.in
Haryana Enterprises & Employment Policy (HEEP) 2020,Haryana,state,"Active as amended ('Amended HEEP-2020, CAQM' listed); a 2025 successor policy was NOT found on the pages fetched",SGST-linked investment subsidy + block-graded capital/interest/duty concessions,https://msme.haryana.gov.in/haryana-enterprises-and-employment-policy-2020/,,,,,,
Sector policies referenced in investharyana.in application system (EV/ESDM/Textile/Pharma/Data-centre-adjacent),Haryana,state,Application flows exist in the portal code; individual policy texts not verifiable without login,Sector-specific capital subsidies and exemptions,https://investharyana.in/,,,,,,
Industrial and Business Development Policy 2026 (IBDP 2026),Punjab,state,"Notified 8 March 2026; in force -- full incentive schedule now machine-readable via OCR (tesseract, 63pp English gazette",Umbrella fiscal-incentive policy (successor to IBDP 2022),https://investpunjab.gov.in/investor-summit/pdfs/Industrial_and_Business_Development_Policy_2026.pdf,,,,,,
Uttarakhand Mega Industrial and Investment Policy 2025 (MIIP 2025) + Implementing Guideline,Uttarakhand,state,Active (2025 policy + guideline listed; 2021 MIIP also still listed),"Capital subsidy / CAPEX subsidy for large investments, hill-area weighted",https://investuttarakhand.uk.gov.in/site/Policies,MyGov Uttarakhand,Shri Ajit Kumar,CEO,MyGov,"011-24369222, 011-24301913",compliance-officer@mygov.in
Hill-area / district-graded incentives + Customized Incentive Package Guidelines,Uttarakhand,state,Active,Region-graded capital subsidies; bespoke packages for large projects,https://investuttarakhand.uk.gov.in/site/knowYourIncentive,MyGov Uttarakhand,Shri Ajit Kumar,CEO,MyGov,"011-24369222, 011-24301913",compliance-officer@mygov.in
"Sector policies: MSME Policy 2023, Startup Policy 2023, Logistics Policy 2023, Solar Policy 2023, Aerospace & Defence Industrial Policy 2020, Drone Promotion & Usage Policy 2023, Pumped Storage Policy 2023, Service Sector Policy 2024, Tourism Policy 2023-30, Export Policy 2021, AYUSH Policy 2023, Film Policy 2024, Private Industrial Estates Policy 2023, Tourism Entrepreneur Promotion Scheme 2024",Uttarakhand,state,Active (listed),"Sector-specific capital/CAPEX subsidies, duty reimbursements, EV mobility incentive",https://investuttarakhand.uk.gov.in/site/Policies,MyGov Uttarakhand,Shri Ajit Kumar,CEO,MyGov,"011-24369222, 011-24301913",compliance-officer@mygov.in
Himachal Pradesh Industrial Investment Policy 2019 (with all amendments up to 08.10.2024),Himachal Pradesh,state,Active as amended through 08.10.2024,"Capital subsidy, interest subsidy, tax benefits, employment incentives",https://emerginghimachal.hp.gov.in/themes/backend/uploads/policies/HPIIP-2019-with-all-amendments-upto-08.10.2024.pdf,MyGov Himachal Pradesh,Shri Ajit Kumar,CEO,MyGov,"011-24369222, 011-24301913",compliance-officer@mygov.in
HP Logistics Policy 2022,Himachal Pradesh,state,Active (listed with PDF),Logistics infrastructure incentives,https://emerginghimachal.hp.gov.in//themes/backend/uploads/indus/HP%20Logistics%20Policy%20%202022_Final.pdf,MyGov Himachal Pradesh,Shri Ajit Kumar,CEO,MyGov,"011-24369222, 011-24301913",compliance-officer@mygov.in
Industrial Policy for Delhi 2010-21 successor,Delhi (NCT),state,No post-2021 industrial policy verifiable on the department site,n/a,https://industries.delhi.gov.in/,,,,,,
"Delhi EV Policy (Aug 2020, as extended) — company-facing components",Delhi (NCT),state,Policy 1.0 content only; site stale since ~Sep 2022; EV Policy 2.0 NOT verifiable on ev.delhi.gov.in,"Charging-infrastructure incentives, single-window for charger installation, open database registration",https://ev.delhi.gov.in/policy-update,,,,,,
MP Industrial Promotion Policy 2025 + MP Investment Promotion Scheme 2025,MADHYA PRADESH,state,In force — policy PDF (Feb 2025) plus implementing Scheme notification (Jul 2025) both on portal,Capital-linked cash assistance (BIPA) + multipliers + sector add-ons + customized mega packages,https://invest.mp.gov.in/policy-acts-rules/ ; https://invest.mp.gov.in/wp-content/uploads/2025/02/IPP_2025_Policy.pdf ; https://invest.mp.gov.in/wp-content/uploads/2025/07/Notification-with-IPP-Scheme-2025.pdf ; https://invest.mp.gov.in/ccip-and-incentives/,,,,,,
MP Electric Vehicle (EV) Policy 2025,MADHYA PRADESH,state,In force (2025 policy on official policy page),Sectoral (EV manufacturing/adoption),https://invest.mp.gov.in/wp-content/uploads/2025/02/MP-EV-Policy-2025_FINAL-1.pdf,,,,,,
MP Semiconductor Policy 2025,MADHYA PRADESH,state,In force,Sectoral (semiconductor),https://invest.mp.gov.in/wp-content/uploads/2025/02/Semiconductor-Policy-2025_compressed.pdf,,,,,,
MP Drone Promotion and Usage Policy 2025,MADHYA PRADESH,state,In force,Sectoral (drones),https://invest.mp.gov.in/wp-content/uploads/2025/02/Drone-Policy-2025-1.pdf,,,,,,
Chhattisgarh Industrial Development Policy 2024-30,CHHATTISGARH,state,In force (2024-30 window),Umbrella industrial policy — capital/interest/stamp/EPF subsidies,https://invest.cg.gov.in/investment_promotion ; https://invest.cg.gov.in/storage/pdfs/Industrial%20Policy%202024-30.pdf ; https://invest.cg.gov.in/calculator,MyGov Chhattisgarh,Shri Ajit Kumar,CEO,MyGov,"011-24369222, 011-24301913",compliance-officer@mygov.in
Chhattisgarh Logistics Policy 2025,CHHATTISGARH,state,In force,Sectoral (logistics/warehousing),https://invest.cg.gov.in/storage/pdfs/CG%20Logistics%20Policy%202025.pdf,MyGov Chhattisgarh,Shri Ajit Kumar,CEO,MyGov,"011-24369222, 011-24301913",compliance-officer@mygov.in
Industrial Policy Resolution (IPR) 2022 (+ two amendments),ODISHA,state,In force — remains the operative industrial policy on the portal (no IPR 2025 successor listed as of 2026-07-20),"Umbrella policy — capital subsidy, SGST reimbursement, power/electricity-duty, land, employment",https://investodisha.gov.in/policy-framework/industrial-policy-resolution-2022,,,,,,
Green Hydrogen / Green Ammonia incentives (embedded in IPR 2022),ODISHA,state,In force via IPR 2022,Sectoral incentives inside umbrella policy — NOT a standalone GH2 policy,https://investodisha.gov.in/policy-framework/industrial-policy-resolution-2022,,,,,,
Food Processing Policy 2022 (covers food & seafood processing),ODISHA,state,In force (listed among current sectoral policies),Sectoral,https://investodisha.gov.in/policy-framework/sectoral-policies/food-processing-policy-2022,,,,,,
MSME incentive schemes (Silpasathi 'Incentives/Subsidies/Schemes'),WEST BENGAL,state,In force — scheme notifications + online application links live,MSME grants — capital/interest/power/stamp/SGST subsidies,https://silpasathi.wb.gov.in/msme_Incentives,,,,,,
Jharkhand Industrial and Investment Promotion Policy (JIIPP) 2021,JHARKHAND,state,In force — listed under current downloadable policies (JIIPP 2016 relegated to the archive list; NO JIIPP 2025 successor,Umbrella industrial policy,https://advantage.jharkhand.gov.in/SingleWindow/registrations/policies/,MyGov Jharkhand,Shri Ajit Kumar,CEO,MyGov,"011-24369222, 011-24301913",compliance-officer@mygov.in
Jharkhand Electric Vehicle Policy,JHARKHAND,state,Current (in active list),Sectoral (EV),https://advantage.jharkhand.gov.in/SingleWindow/registrations/policies/,MyGov Jharkhand,Shri Ajit Kumar,CEO,MyGov,"011-24369222, 011-24301913",compliance-officer@mygov.in
Mukhyamantri Udyami Yojana (MMUY) + Bihar Laghu Udyami Yojana (BLUY),BIHAR,state,"In force, actively running FY 2025-26 cycle","Entrepreneur financing (subsidy + interest-free loan) — micro/small, not large-company incentives",https://udyami.bihar.gov.in/,,,,,,
BIADA Land Allotment & Management Policy 2026,BIHAR,state,"In force (policy dated May 2026, corrigendum 03-06-2026)","Industrial land/shed allotment (plug-and-play sheds, 9 regional clusters)",https://biada1.bihar.gov.in/ActRule.aspx ; https://biada1.bihar.gov.in/pdf/BIADA-LAMP-2026.pdf,,,,,,
"Bihar Industrial Investment Promotion Policy 2016 (and reported 2025 successor), Ethanol Production Promotion Policy 2021, Textile & Leather Policy 2022, Bihar Business Connect packages",BIHAR,state,Unverifiable on official web properties as of 2026-07-20,Umbrella + sectoral policies,https://state.bihar.gov.in/industries/CitizenHome.html,,,,,,
Aatmanirbhar Gujarat Schemes 2022 for Assistance to Industries (MSME / Large & Thrust Sector / Mega Industries),GUJARAT,state,operative (GRs of 2022 with 2023-2024 guideline updates and 2024 reconstitution of sanctioning authorities),capital subsidy + interest subsidy + net SGST reimbursement + EPF reimbursement,https://ic.gujarat.gov.in/industrial-policy2020.aspx and https://ic.gujarat.gov.in/guideline-under-aatmanirbhar-gujarat-schemes.aspx,,,,,,
Viksit Gujarat Industrial Policy 2026,GUJARAT,state,"operative -- full incentive schedule now machine-readable via OCR (tesseract, 44pp, English throughout)",umbrella industrial policy (successor),https://ic.gujarat.gov.in/documents/Viksit-Gujarat-Industrial-Policy2026_new.pdf,,,,,,
Gujarat Textile Policy 2024,GUJARAT,state,operative,sector policy (capital/interest support for textiles),https://ic.gujarat.gov.in/documents/pagecontent/Gujarat%20Textile%20Policy_2024.pdf,,,,,,
IP-2020 operative schemes: Assistance for Industrial Infrastructure; Scheme for Industrial Park; Scheme for Logistic Park; Financial Assistance to Integrated Logistics Facilities (revised guideline 2025); Assistance for Environment Protection Measures (Scheme 1 EPM + Scheme 2 Green Practices/environmental audit for MSMEs); Assistance for R&D Activities 2020; Assistance for Startups/Innovation,GUJARAT,state,"operative, actively maintained (2025-2026 dated documents)","infrastructure/park capex assistance, environment capex assistance, R&D grants, startup support",https://ic.gujarat.gov.in/industrial-policy2020.aspx,,,,,,
Gujarat Garment and Apparel Policy 2017 (registration module),GUJARAT,state,listed as live module,sector wage/capital support,https://ifp.gujarat.gov.in/DIGIGOV/,,,,,,
Gujarat Semiconductor Policy 2022-27 / Electronics Policy / EV Policy / Green Hydrogen / Biotechnology / IT-ITeS / Tourism policies,GUJARAT,state,unverified,sector policies (candidates from brief),,,,,,,
"Maharashtra Industries, Investment and Services Policy 2025 (MIISP 2025) -- successor to Package Scheme of Incentives (PSI) 2019",MAHARASHTRA,state,operative -- GR issued 31 Dec 2025,"umbrella industrial incentive policy (industrial promotion subsidy, interest subsidy, capex support)",https://maitri.maharashtra.gov.in/resources/policies/ (PDF: /wp-content/themes/maitri/PDF/MaharashtraIndustriesInvestmentandServicesPolicy2025-GR-31122025.pdf),,,,,,
Integrated and Sustainable Textile Policy 2023-28,MAHARASHTRA,state,operative,sector capex/opex incentives for textiles,https://maitri.maharashtra.gov.in/wp-content/themes/maitri/PDF/Integrated%20and%20Sustainable%20Textile%20Policy%202023-28.pdf,,,,,,
IT/ITeS Policy 2024,MAHARASHTRA,state,operative,"sector fiscal incentives (stamp duty, electricity, FSI etc.)",https://maitri.maharashtra.gov.in/wp-content/themes/maitri/PDF/ITI_Tes_Policy_2024.pdf,,,,,,
Maharashtra Electric Vehicle Policy 2021 (+ corrigendum),MAHARASHTRA,state,operative (2021 version listed),demand + manufacturing incentives for EVs,https://maitri.maharashtra.gov.in/resources/policies/,,,,,,
Maharashtra Electronics Policy 2016,MAHARASHTRA,state,listed (2016),sector incentives for ESDM,https://maitri.maharashtra.gov.in/resources/policies/,,,,,,
"Other operative sector policies hosted on MAITRI: Maharashtra Logistics Policy 2024; Logistics Park Policy 2018 (+2019 modalities); Aerospace & Defence Manufacturing Policy 2018; FinTech Policy 2018; Maharashtra State Export Promotion Policy 2023 (+modalities); Maharashtra Global Capability Centre (GCC) Policy 2025 (GR 03-11-2025); AVGC-XR Policy 2025 (GR 03-11-2025); MATRIX (Technology, Research Incubator and Xcelerator) Policy 2025 (GR 27-11-2025); Gems & Jewellery Policy 2025 (GR 12-12-2025); Bamboo Industry Policy 2025; Cluster schemes (MSICDP, MSE-CDP); Dr. Babasaheb Ambedkar SC/ST Special Package Scheme of Incentives; CMEGP; Special Amnesty Scheme for closed units (2021)",MAHARASHTRA,state,operative; five new policies issued Nov-Dec 2025,"sector-specific fiscal incentives, cluster grants, SC/ST entrepreneur package",https://maitri.maharashtra.gov.in/resources/policies/,,,,,,
"Rajasthan Investment Promotion Scheme 2024 (RIPS 2024), updated 16 May 2025",RAJASTHAN,state,operative (updated edition 16 May 2025),asset creation incentive (choice of investment subsidy / capital subsidy / turnover-linked incentive) + top-up boosters + duty exemptions,https://finance.rajasthan.gov.in/PDFDOCS/TAX/CCT/14514.pdf,MyGov Rajasthan,Shri Ajit Kumar,CEO,MyGov,"011-24369222, 011-24301913",compliance-officer@mygov.in
"Goa Industrial Policy 2003 incentive schemes (component schemes still listed as live services): Capital Contribution, Share Capital Category, Preferential Purchase Incentive, Interest Subsidy Scheme 2008, Certification & Patenting, Women Entrepreneurs, Employment Subsidy, Consumption of Local Raw Materials, Export Market Development, State Investment Subsidy",GOA,state,listed on official site; at least one (Interest Subsidy 2008) textually lapsed in 2011 with no renewal notification show,"capital contribution/equity support, interest subsidy, employment subsidy, purchase preference, certification/patent cost reimbursement",https://ditc.goa.gov.in/state-policies-ss and https://ditc.goa.gov.in/interest-subsidy,MyGov Goa,Shri Ajit Kumar,CEO,MyGov,"011-24369222, 011-24301913",compliance-officer@mygov.in
Goa Investment Policy 2014 + State Export Strategy of Goa (Notification 2021-35-SI-OG),GOA,state,listed,umbrella investment policy + export strategy,https://ditc.goa.gov.in/state-policies,MyGov Goa,Shri Ajit Kumar,CEO,MyGov,"011-24369222, 011-24301913",compliance-officer@mygov.in
"State schemes page documents: Employment Subsidy Scheme for Cashew Industry (new), Capital (new), Umbrella Scheme (amended), Target Schemes, Preferential Purchase Incentives for Micro and Small Enterprises",GOA,state,listed as current state schemes,"employment subsidy (cashew sector), capital subsidy, MSE purchase preference",https://ditc.goa.gov.in/state-policies-ss,MyGov Goa,Shri Ajit Kumar,CEO,MyGov,"011-24369222, 011-24301913",compliance-officer@mygov.in
Goa IT Policy / Goa-IDC industrial estate incentives,GOA,state,unverified,candidates from brief,,MyGov Goa,Shri Ajit Kumar,CEO,MyGov,"011-24369222, 011-24301913",compliance-officer@mygov.in
"Industrial and Investment Policy of Assam, 2019 (IIPA 2019)",Assam,state,In force; no 2025 successor policy found on either official site (EODB site last updated 01-Feb-2025; Advantage Assam 2.,Multi-head fiscal incentive package,https://eodb.assam.gov.in/site/government_incentives,MyGov Assam,Shri Ajit Kumar,CEO,MyGov,"011-24369222, 011-24301913",compliance-officer@mygov.in
Assam Industrial & Investment Policy (Amendment) 2023 — Mega Investment customized package,Assam,state,In force (amendment to IIPA 2019),Bespoke/customized incentives for mega projects,https://eodb.assam.gov.in/site/government_incentives,MyGov Assam,Shri Ajit Kumar,CEO,MyGov,"011-24369222, 011-24301913",compliance-officer@mygov.in
Assam Electronics (Semiconductor etc.) Policy 2023,Assam,state,"Notified 29-08-2023 (ECF No. 358679/1), in force 5 years from notification",State top-up package for ISM-approved semiconductor/electronics projects (the state package around Tata's OSAT at Jagiroad/Morigaon),https://eodb.assam.gov.in/storage/documents/24-25/1735540795220-1-Assam_electronics_semiconductor_etc_231211_101812.pdf,MyGov Assam,Shri Ajit Kumar,CEO,MyGov,"011-24369222, 011-24301913",compliance-officer@mygov.in
Assam Ethanol Production Promotion Policy 2021,Assam,state,"In force, listed among current policies",Sector fiscal incentives (biofuel),https://eodb.assam.gov.in/storage/documents/24-25/1735541117242-5-Assam-Ethanol-Production-Promotion-Policy-2021.pdf,MyGov Assam,Shri Ajit Kumar,CEO,MyGov,"011-24369222, 011-24301913",compliance-officer@mygov.in
Assam Bamboo and Cane Policy 2019 & 2021 (+ National Bamboo Mission assistance),Assam,state,In force (2021 version listed as validated 15-Jul-2021),Sector policy + central-scheme financial assistance,https://eodb.assam.gov.in/storage/documents/assam_bamboo_and_cane_policy_2021.pdf,MyGov Assam,Shri Ajit Kumar,CEO,MyGov,"011-24369222, 011-24301913",compliance-officer@mygov.in
Assam Startup Policy 2018 (and 2017 predecessor),Assam,state,Listed as current (2018) on policy page,Startup support,https://eodb.assam.gov.in/storage/documents/24-25/1735541270071-7-Assam-Startup-Policy-2018.pdf,MyGov Assam,Shri Ajit Kumar,CEO,MyGov,"011-24369222, 011-24301913",compliance-officer@mygov.in
"Meghalaya Industrial & Investment Promotion Policy, 2024 (MIIPP 2024)",Meghalaya,state,"Current policy, supersedes MIIPP 2012/MIIPS 2016",Umbrella state industrial incentive policy,https://megindustry.gov.in/policy/MIIPP-2024.pdf,,,,,,
UNNATI 2024 implementation (state steering committee),Meghalaya,state,"CLOSED (oversubscribed) -- verified 2026-07-20 on unnati.dpiit.gov.in: registration stopped, applications exceeded state","Central scheme, state-administered screening",https://megindustry.gov.in/,,,,,,
"Tripura Industrial Investment Promotion Incentive Scheme (TIIPIS), 2017",Tripura,state,Active (claims notification current),State capital/fiscal incentive scheme,https://industries.tripura.gov.in/incentives,MyGov Tripura,Shri Ajit Kumar,CEO,MyGov,"011-24369222, 011-24301913",compliance-officer@mygov.in
Land Allotment Policy + Land Allotment Rates,Tripura,state,Active,Industrial land,https://industries.tripura.gov.in/land-allotment-policy,MyGov Tripura,Shri Ajit Kumar,CEO,MyGov,"011-24369222, 011-24301913",compliance-officer@mygov.in
The Industrial and Investment Policy of Mizoram 2025,Mizoram,state,Notified/listed 2025 alongside legacy Mizoram Industrial Policy 2012,New umbrella state industrial policy,https://industries.mizoram.gov.in/page/the-industrial-and-investment-policy-of-mizoram-2025,MyGov Mizoram,Shri Ajit Kumar,CEO,MyGov,"011-24369222, 011-24301913",compliance-officer@mygov.in
State incentive subsidies under Mizoram Industrial Policy 2012 (still published schedule),Mizoram,state,Published as current 'State Government Incentives' page (2012-policy schedule; likely to be superseded by 2025 policy),MSME subsidies,https://industries.mizoram.gov.in/page/state-government-incentives,MyGov Mizoram,Shri Ajit Kumar,CEO,MyGov,"011-24369222, 011-24301913",compliance-officer@mygov.in
UNNATI 2024 (state implementation),Nagaland,state,"CLOSED (oversubscribed) -- verified 2026-07-20 on unnati.dpiit.gov.in: registration stopped, applications exceeded state",Central capital/interest/production incentives — the dominant instrument,https://industry.nagaland.gov.in/unnati/,MyGov Nagaland,Shri Ajit Kumar,CEO,MyGov,"011-24369222, 011-24301913",compliance-officer@mygov.in
"Industrial and Investment Policy of Manipur, 2013 (and Industrial Policy 1996)",Manipur,state,Unverified — site down,State industrial policy,https://dcimanipur.gov.in/en/acts-rules/,MyGov Manipur,Shri Ajit Kumar,CEO,MyGov,"011-24369222, 011-24301913",compliance-officer@mygov.in
Schemes & Guidelines (central schemes only) + UNNATI promotion,Sikkim,state,"CLOSED (oversubscribed) -- verified 2026-07-20 on unnati.dpiit.gov.in: registration stopped, applications exceeded state",Central scheme facilitation,https://industries.sikkim.gov.in/visitors/schemes,,,,,,
"New Central Sector Scheme (NCSS) 2021 (F.No.1(1)/2020-SSS, DPIIT-administered, applied via J&K)",Jammu & Kashmir,state,Listed as notified 2021 and presented as the flagship incentive on the live portal; scheme validity to 2037 per DPIIT ga,Capital investment + interest subvention + GST-linked incentive,https://singlewindow.jk.gov.in/assets/pdfs/J-and-K-Policies-Sector-and-Incentives.pdf,MyGov Jammu and Kashmir,Shri Ajit Kumar,CEO,MyGov,"011-24369222, 011-24301913",compliance-officer@mygov.in
"Jammu and Kashmir Industrial Policy 2021-30 (GO 117-IND, effective 01.04.2021, 10 years)",Jammu & Kashmir,state,In force to 2031,State fiscal incentive package (stacked on NCSS),https://singlewindow.jk.gov.in/know_your_incentive,MyGov Jammu and Kashmir,Shri Ajit Kumar,CEO,MyGov,"011-24369222, 011-24301913",compliance-officer@mygov.in
"J&K Industrial Land Allotment Policy 2021 (GO 65-IND, 24.03.2021, 10 years)",Jammu & Kashmir,state,"Actively administered — portal carries High Level Land Allotment Committee minutes (May 2026), relocation lists (Jun 202",Industrial land on long lease,https://singlewindow.jk.gov.in/land_bank,MyGov Jammu and Kashmir,Shri Ajit Kumar,CEO,MyGov,"011-24369222, 011-24301913",compliance-officer@mygov.in
"J&K IT/ITeS Policy 2020 (GO 41-JK(ITD), effective 21.08.2020, 10 years)",Jammu & Kashmir,state,In force to 2030; JaKeGA is registering authority,"Sector incentives (IT/ITeS/ESDM, min 15 employees)",https://singlewindow.jk.gov.in/assets/pdfs/J-and-K-Policies-Sector-and-Incentives.pdf,MyGov Jammu and Kashmir,Shri Ajit Kumar,CEO,MyGov,"011-24369222, 011-24301913",compliance-officer@mygov.in
J&K Film Policy 2021,Jammu & Kashmir,state,Effective 05.08.2021 till 2026,Production fiscal incentive,https://singlewindow.jk.gov.in/,MyGov Jammu and Kashmir,Shri Ajit Kumar,CEO,MyGov,"011-24369222, 011-24301913",compliance-officer@mygov.in
"Sector policies: Poultry Policy 2020; Wool Processing, Handloom & Handicrafts Policy 2020; Housing/Township Policy 2020",Jammu & Kashmir,state,"All 10-year policies from 2020, in force",Sector packages,https://singlewindow.jk.gov.in/assets/pdfs/J-and-K-Policies-Sector-and-Incentives.pdf,MyGov Jammu and Kashmir,Shri Ajit Kumar,CEO,MyGov,"011-24369222, 011-24301913",compliance-officer@mygov.in
Tamil Nadu Industrial Policy 2021 (validity extended; structured package for Large/Mega/Ultra-Mega),Tamil Nadu,state,In force; official validity-extension GO published (tnip_2021_validity_extension.pdf). No 2025/2026 successor industrial,Investor's one-time choice of 4 mutually exclusive Investment Promotion Subsidy options + standard incentives,https://storage.investingintamilnadu.com/Guidance/Uploads/Others/industrial_policy_2021.pdf,MyGov Tamil Nadu,Shri Ajit Kumar,CEO,MyGov,"011-24369222, 011-24301913",compliance-officer@mygov.in
Tamil Nadu Electric Vehicles Policy 2023,Tamil Nadu,state,In force (policy period per document),Choice of SGST reimbursement / turnover subsidy / capital subsidy; special battery-ACC subsidy; retrofit incentives,https://storage.investingintamilnadu.com/Guidance/Uploads/Others/tn_electric_vehicles_policy_2023.pdf,MyGov Tamil Nadu,Shri Ajit Kumar,CEO,MyGov,"011-24369222, 011-24301913",compliance-officer@mygov.in
Tamil Nadu R&D Policy 2022,Tamil Nadu,state,In force; promoted as the operative policy for GCC/R&D investors ('Latest Policies' on the GCC & R&D sector page),Capital subsidy + reimbursements for R&D centres,https://storage.investingintamilnadu.com/Guidance/Uploads/Others/tamil_nadu_randd_policy_2022.pdf,MyGov Tamil Nadu,Shri Ajit Kumar,CEO,MyGov,"011-24369222, 011-24301913",compliance-officer@mygov.in
Tamil Nadu FinTech Policy 2021,Tamil Nadu,state,In force (2021 policy still the listed FinTech policy),"Operating-expense, marketing and accelerator reimbursements (startup/firm level)",https://storage.investingintamilnadu.com/Guidance/Uploads/Others/tamil_nadu_fintech_policy_2021.pdf,MyGov Tamil Nadu,Shri Ajit Kumar,CEO,MyGov,"011-24369222, 011-24301913",compliance-officer@mygov.in
Tamil Nadu Footwear & Leather Products Policy 2022,Tamil Nadu,state,In force,Turnover-based subsidy or fixed capital subsidy with relaxed eligibility,https://storage.investingintamilnadu.com/Guidance/Uploads/Others/footwear_and_leather_products_policy_2022.pdf,MyGov Tamil Nadu,Shri Ajit Kumar,CEO,MyGov,"011-24369222, 011-24301913",compliance-officer@mygov.in
Tamil Nadu Semiconductor and Advanced Electronics Policy 2024 + Semiconductor Mission 2030,Tamil Nadu,state,In force / listed as current,Sector policy + mission GO (details not machine-extractable this run),https://www.investingintamilnadu.com/business-in-tamil-nadu/policy-notifications,MyGov Tamil Nadu,Shri Ajit Kumar,CEO,MyGov,"011-24369222, 011-24301913",compliance-officer@mygov.in
Tamil Nadu Space Industrial Policy 2025,Tamil Nadu,state,Listed as current 2025 policy - confirms the 'Space Industrial Policy 2025?' candidate exists,Sector policy (details not extracted),https://www.investingintamilnadu.com/business-in-tamil-nadu/policy-notifications,MyGov Tamil Nadu,Shri Ajit Kumar,CEO,MyGov,"011-24369222, 011-24301913",compliance-officer@mygov.in
Tamil Nadu Electronics Hardware Manufacturing Policy 2020,Tamil Nadu,state,In force (2020 policy still listed; semiconductor/advanced-electronics 2024 policy sits alongside),Capital subsidy + MSME add-ons,https://storage.investingintamilnadu.com/Guidance/Uploads/Others/tn_sector-wise_incentives.pdf,MyGov Tamil Nadu,Shri Ajit Kumar,CEO,MyGov,"011-24369222, 011-24301913",compliance-officer@mygov.in
Karnataka Industrial Policy 2025-30,Karnataka,state,"In force (current policy, supersedes Industrial Policy 2020-25; operative guidelines also published)","Investor's choice: capex subsidy OR production/turnover-linked incentive (PLI), with employment and women-workforce boosters - confirms the shift to production-turnover-linked incentives",https://investkarnataka.co.in/wp-content/uploads/2025/02/IndustrialPolicy2025_PrintPagesSingle_.pdf,MyGov Karnataka,Shri Ajit Kumar,CEO,MyGov,"011-24369222, 011-24301913",compliance-officer@mygov.in
Karnataka Global Capability Centres (GCC) Policy 2024-29 (India's first dedicated GCC policy),Karnataka,state,In force (launched November 2024),"Rental/EPF/opex reimbursements, grants and duty exemptions, weighted to 'Beyond Bengaluru' locations",https://eitbt.karnataka.gov.in/it/public/policy5/en,MyGov Karnataka,Shri Ajit Kumar,CEO,MyGov,"011-24369222, 011-24301913",compliance-officer@mygov.in
KESDM Policy 2017-25 (extended) + Special Incentive Scheme for ESDM Sector 2020-25,Karnataka,state,In force - KESDM Policy formally extended (an 'Extension of KESDM Policy' GO is hosted; page headline shows 'Karnataka E,"Capital subsidy, reimbursements and state top-ups for electronics manufacturing/design",https://eitbt.karnataka.gov.in/esdm/public/policy/en,MyGov Karnataka,Shri Ajit Kumar,CEO,MyGov,"011-24369222, 011-24301913",compliance-officer@mygov.in
Karnataka Aerospace & Defence Policy 2022-27,Karnataka,state,In force,Sector package (details not extracted this run),https://investkarnataka.co.in/wp-content/uploads/2025/02/Karnataka-Aerospace-Defence-Policy-22-27_compressed.pdf,MyGov Karnataka,Shri Ajit Kumar,CEO,MyGov,"011-24369222, 011-24301913",compliance-officer@mygov.in
Electric Vehicle and Energy Storage Policy 2017,Karnataka,state,Referenced as current in the 2025-30 industrial policy despite its 2017 vintage,EV/battery/fuel-cell manufacturing incentives (details not extracted),https://investkarnataka.co.in/wp-content/uploads/2025/02/IndustrialPolicy2025_PrintPagesSingle_.pdf,MyGov Karnataka,Shri Ajit Kumar,CEO,MyGov,"011-24369222, 011-24301913",compliance-officer@mygov.in
Karnataka Startup Policy 2022-27,Karnataka,state,In force,Startup grants/funding (details not extracted),https://investkarnataka.co.in/ka-proposition/investor-friendly-policies/,MyGov Karnataka,Shri Ajit Kumar,CEO,MyGov,"011-24369222, 011-24301913",compliance-officer@mygov.in
Karnataka R&D and Innovation Policy 2022 (+ Engineering R&D Policy 2021),Karnataka,state,Listed as current,R&D promotion (details not extracted),https://investkarnataka.co.in/ka-proposition/investor-friendly-policies/,MyGov Karnataka,Shri Ajit Kumar,CEO,MyGov,"011-24369222, 011-24301913",compliance-officer@mygov.in
TS-iPASS / TG-iPASS (Telangana Industrial Project Approval and Self-Certification System),TELANGANA,state,Active,Regulatory fast-track / single-window clearance,https://ipass.telangana.gov.in/ and https://invest.telangana.gov.in/unparalleled-policies/,,,,,,
T-IDEA (Telangana State Industrial Development and Entrepreneur Advancement) incentive scheme,TELANGANA,state,Active (still the base industrial incentive framework; Life Sciences Policy 2026-30 explicitly grants large-unit SGST 'a,"Capital subsidy, tax reimbursement, power tariff, land",https://invest.telangana.gov.in/unparalleled-policies/,,,,,,
T-PRIDE (Telangana State Program for Rapid Incubation of Dalit Entrepreneurs),TELANGANA,state,Active (listed under current State Policies),Enhanced incentives for SC/ST entrepreneurs,https://invest.telangana.gov.in/policies/,,,,,,
Telangana Next-Gen Life Sciences Policy 2026-30 (covers Genome Valley / Green Pharma City ecosystem),TELANGANA,state,"Active - NEW policy issued under current government (uploaded Jan 2026, policy period 2026-2030)","Capital subsidy, SGST reimbursement, power subsidy, employment and skilling grants",https://lifesciences.telangana.gov.in/wp-content/uploads/2026/01/Telangana-Next-Gen-Life-Sciences-Policy-2026-30.pdf,,,,,,
Telangana Electronics Policy 2016,TELANGANA,state,"Listed as current State Sector-specific Policy (2016 vintage, re-uploaded 2024)",Sector policy (capital/SGST/power incentives for ESDM),https://invest.telangana.gov.in/wp-content/uploads/2024/07/Telangana-Electronics-Policy-2016-1.pdf,,,,,,
Telangana EV & Energy Storage Policy (TS EV-ESS),TELANGANA,state,Listed as current sector policy (re-uploaded Jul 2024),Sector policy (EV and energy-storage manufacturing incentives),https://invest.telangana.gov.in/wp-content/uploads/2024/07/TS-EV-ESS-Policy-4-18.pdf,,,,,,
Telangana MSME Policy 2024,TELANGANA,state,Active (2024),MSME incentive framework,https://invest.telangana.gov.in/wp-content/uploads/2024/09/MSME-Policy-Booklet-English1.pdf,,,,,,
Meet or Beat commitment (mega projects),TELANGANA,state,Active (stated on investment portal),Tailor-made incentive guarantee,https://invest.telangana.gov.in/unparalleled-policies/,,,,,,
New 2024-26 industrial policy under new government,TELANGANA,state,Not found as enacted policy,n/a,https://telanganarising2047.org/TelanganaRising-2047-Vision-Document.pdf,,,,,,
AP Industrial Development Policy 4.0 (2024-29),ANDHRA PRADESH,state,Active (2024-29),"Capital subsidy, SGST reimbursement, employment subsidy, PLI top-up, stamp duty, decarbonization subsidy",https://www.apindustries.gov.in/APIndus/Data/policies/AP%20Industrial%20Development%20Policy%20(4.0)%202024-29.pdf,,,,,,
AP MSME & Entrepreneur Development Policy 4.0 (2024-29),ANDHRA PRADESH,state,"Active (2024-29, amended June 2025)",MSME capital and entrepreneurship incentives,https://www.apindustries.gov.in/APIndus/Data/policies/2025INDS_MS110_E.pdf,,,,,,
AP Food Processing Policy 4.0 (2024-29),ANDHRA PRADESH,state,Active (2024-29),Sector policy,https://www.apindustries.gov.in/APIndus/Data/policies/AP%20Food%20Processing%20Policy%20(4.0)%20%202024-29.pdf,,,,,,
AP Private Industrial Parks Policy 4.0 (2024-29),ANDHRA PRADESH,state,Active (2024-29),Industrial park developer incentives,https://www.apindustries.gov.in/APIndus/Data/policies/AP%20Private%20Industrial%20%20Parks%20Policy%20(4.0)-%202024-29.pdf,,,,,,
"Legacy sector policy pages (Aerospace & Defence, Agro & Food Processing, Automobile & Auto Components, Biotechnology, Electronics, Textile & Apparel)",ANDHRA PRADESH,state,Pages live; likely superseded/being refreshed by 4.0-series policies,Sector policies (previous generation),https://www.apindustries.gov.in/APIndus/UserInterface/SingleWindowServicesApplication/Public/ElectronicsPolicy.aspx,,,,,,
Single Desk Portal / Single Window Mechanism 2.0 (speed-of-doing-business guarantee),ANDHRA PRADESH,state,"Active (SDP launched 2015, being upgraded to Single Window 2.0 under IDP 4.0)",Regulatory fast-track,https://www.apindustries.gov.in/APIndus/Default.aspx,,,,,,
Kerala Industrial Policy 2023 incentive package (administered via K-RIIS),KERALA,state,"Active (Industrial Policy 2023, ESG/responsible-investment focus)","Capital subsidy, SGST reimbursement, electricity duty exemption, employment incentive, ESG/IR4.0 support",https://ksidc.org/invest-kerala/incentive-schemes/,,,,,,
Entrepreneur Support Scheme (ESS),KERALA,state,Active,Capital investment subsidy for MSMEs,https://invest.kerala.gov.in/resources/schemes/entrepreneur-support-scheme/,,,,,,
Campus Industrial Parks (CIP) Scheme,KERALA,state,Active (state targeted 25 CIPs in 2024 per invest-kerala news),Infrastructure grant for campus-based industrial parks,https://invest.kerala.gov.in/resources/policies/campus-industrial-parks-cips-scheme/,,,,,,
Private Industrial Estate (PIE) Scheme (private industrial-park policy),KERALA,state,Active,Infrastructure subsidy for private park developers,https://invest.kerala.gov.in/resources/policies/the-private-industrial-estate-pie-scheme/,,,,,,
K-SWIFT single window clearance,KERALA,state,Active,Regulatory fast-track,https://kswift.kerala.gov.in/,,,,,,
KSIDC direct loan schemes,KERALA,state,Active,Debt finance,https://ksidc.org/loan-schemes/,,,,,,
PLI IT Hardware 2.0,MeitY,central,open (inferred),production-linked,,Ministry of Electronics and Information Technology,Shri Jitin Prasada,Minister of State,Ministry of Electronics and Information Technology,"24368757, 24368758",mos-eit@gov.in
PLI IT Hardware 2.0,MeitY,central,open (inferred),production-linked,,Ministry of Electronics and Information Technology,Shri Ashwini Vaishnaw,Minister,Ministry of Electronics and Information Technology,"24369191, 24362626",moeit@gov.in
PLI IT Hardware 2.0,MeitY,central,open (inferred),production-linked,,Ministry of Electronics and Information Technology,Shri S. Krishnan,Secretary,Ministry of Electronics and Information Technology,24364041,secretary@meity.gov.in
ECMS,MeitY,central,open (inferred),production-linked+capex hybrid,,Ministry of Electronics and Information Technology,Shri Jitin Prasada,Minister of State,Ministry of Electronics and Information Technology,"24368757, 24368758",mos-eit@gov.in
ECMS,MeitY,central,open (inferred),production-linked+capex hybrid,,Ministry of Electronics and Information Technology,Shri Ashwini Vaishnaw,Minister,Ministry of Electronics and Information Technology,"24369191, 24362626",moeit@gov.in
ECMS,MeitY,central,open (inferred),production-linked+capex hybrid,,Ministry of Electronics and Information Technology,Shri S. Krishnan,Secretary,Ministry of Electronics and Information Technology,24364041,secretary@meity.gov.in
BHAVYA,DPIIT,central,open (inferred),infra,,Ministry of Commerce and Industry,Shri Jitin Prasada,Minister of State,Ministry of Commerce and Industry,"23039174, 23039184",mos-ci@gov.in
BHAVYA,DPIIT,central,open (inferred),infra,,Ministry of Commerce and Industry,Shri Piyush Goyal,Minister,Ministry of Commerce and Industry,"23039110, 23039111",piyush.goyal@gov.in
UNNATI 2024,DPIIT,central,"CLOSED (oversubscribed) -- verified 2026-07-20 on unnati.dpiit.gov.in: registration stopped, applications exceeded state",capex-subsidy,,Ministry of Commerce and Industry,Shri Jitin Prasada,Minister of State,Ministry of Commerce and Industry,"23039174, 23039184",mos-ci@gov.in
UNNATI 2024,DPIIT,central,"CLOSED (oversubscribed) -- verified 2026-07-20 on unnati.dpiit.gov.in: registration stopped, applications exceeded state",capex-subsidy,,Ministry of Commerce and Industry,Shri Piyush Goyal,Minister,Ministry of Commerce and Industry,"23039110, 23039111",piyush.goyal@gov.in
RoDTEP,Dept of Commerce / DGFT,central,open (inferred),duty-remission,,,,,,,
MAI,Dept of Commerce / DGFT,central,open (inferred),grant via EPCs,,,,,,,
PM E-DRIVE,MHI,central,open (inferred),demand-incentive,,Ministry of Heavy Industries,Shri Bhupathi Raju Srinivasa Varma,Minister of State,Ministry of Heavy Industries and Public Enterprises,"23062676, 23062678",
PM E-DRIVE,MHI,central,open (inferred),demand-incentive,,Ministry of Heavy Industries,Shri H. D. Kumaraswamy,Minister,Ministry of Heavy Industries and Public Enterprises,"23063598, 23061339",
PM E-DRIVE,MHI,central,open (inferred),demand-incentive,,Ministry of Heavy Industries,Shri Kamran Rizvi,Secretary,Ministry of Heavy Industries and Public Enterprises,"23063633, 23061854",shioff@nic.in
Steel R&D scheme,Ministry of Steel,central,open (inferred),R&D-grant,,Ministry of Steel,Shri Bhupathi Raju Srinivasa Varma,Minister of State,Ministry of Steel,"23063810, 24102703",mos-steel@gov.in
Steel R&D scheme,Ministry of Steel,central,open (inferred),R&D-grant,,Ministry of Steel,Shri H. D. Kumaraswamy,Minister,Ministry of Steel,26111395,minister.steel@nic.in
Steel R&D scheme,Ministry of Steel,central,open (inferred),R&D-grant,,Ministry of Steel,Shri Sandeep Poundrik,Secretary,Ministry of Steel,"23063489, 24673912",secy-steel@nic.in
SPI (RPTUAS + API-CF + clusters),Dept of Pharmaceuticals,central,open (inferred),capex-subsidy,,Ministry of Chemicals and Fertilizers,Smt. Anupriya Patel,Minister of State,Ministry of Chemicals and Fertilizers,"23381768, 23383686",mos-cf@gov.in
SPI (RPTUAS + API-CF + clusters),Dept of Pharmaceuticals,central,open (inferred),capex-subsidy,,Ministry of Chemicals and Fertilizers,Shri Jagat Prakash Nadda,Minister,Ministry of Chemicals and Fertilizers,"24014850, 24014781",min-cnf@gov.in
SMDI,Dept of Pharmaceuticals,central,open (inferred),capex-subsidy,,Ministry of Chemicals and Fertilizers,Smt. Anupriya Patel,Minister of State,Ministry of Chemicals and Fertilizers,"23381768, 23383686",mos-cf@gov.in
SMDI,Dept of Pharmaceuticals,central,open (inferred),capex-subsidy,,Ministry of Chemicals and Fertilizers,Shri Jagat Prakash Nadda,Minister,Ministry of Chemicals and Fertilizers,"24014850, 24014781",min-cnf@gov.in
PLISFPI,MoFPI,central,open (inferred),production-linked,,,,,,,
PMKSY: cold chain / CEFPPC / Operation Greens / clusters / labs,MoFPI,central,open (inferred),capex-subsidy 35-50%,,,,,,,
PM-FME,MoFPI,central,open (inferred),credit-linked 35%,,,,,,,
PLI Textiles,Ministry of Textiles,central,open (inferred),production-linked,,Ministry of Textiles,Shri Pabitra Margherita,Minister of State,Ministry of Textiles,011-20903779,mos-textiles@gov.in
PLI Textiles,Ministry of Textiles,central,open (inferred),production-linked,,Ministry of Textiles,Shri Giriraj Singh,Minister,Ministry of Textiles,"20903582, 26113121",minister.textiles@gov.in
PLI Textiles,Ministry of Textiles,central,open (inferred),production-linked,,Ministry of Textiles,Ms. Neelam Shami Rao,Secretary,Ministry of Textiles,23061769,secy-textiles@nic.in
NTTM,Ministry of Textiles,central,open (inferred),R&D-grant,,Ministry of Textiles,Shri Pabitra Margherita,Minister of State,Ministry of Textiles,011-20903779,mos-textiles@gov.in
NTTM,Ministry of Textiles,central,open (inferred),R&D-grant,,Ministry of Textiles,Shri Giriraj Singh,Minister,Ministry of Textiles,"20903582, 26113121",minister.textiles@gov.in
NTTM,Ministry of Textiles,central,open (inferred),R&D-grant,,Ministry of Textiles,Ms. Neelam Shami Rao,Secretary,Ministry of Textiles,23061769,secy-textiles@nic.in
PM-Surya Ghar,MNRE,central,open (inferred),capex-subsidy,,Ministry of New and Renewable Energy,Shri Shripad Yesso Naik,Minister of State,Ministry of New and Renewable Energy,,mos-mnre@gov.in
PM-Surya Ghar,MNRE,central,open (inferred),capex-subsidy,,Ministry of New and Renewable Energy,Shri Pralhad Joshi,Minister,Ministry of New and Renewable Energy,,minister.mnre@gov.in
PM-Surya Ghar,MNRE,central,open (inferred),capex-subsidy,,Ministry of New and Renewable Energy,Shri Santosh Kumar Sarangi,Secretary,Ministry of New and Renewable Energy,20849010,secy-mnre@nic.in
Small Hydro FY27-FY31,MNRE,central,open (inferred),capex-subsidy,,Ministry of New and Renewable Energy,Shri Shripad Yesso Naik,Minister of State,Ministry of New and Renewable Energy,,mos-mnre@gov.in
Small Hydro FY27-FY31,MNRE,central,open (inferred),capex-subsidy,,Ministry of New and Renewable Energy,Shri Pralhad Joshi,Minister,Ministry of New and Renewable Energy,,minister.mnre@gov.in
Small Hydro FY27-FY31,MNRE,central,open (inferred),capex-subsidy,,Ministry of New and Renewable Energy,Shri Santosh Kumar Sarangi,Secretary,Ministry of New and Renewable Energy,20849010,secy-mnre@nic.in
ALMM,MNRE,central,open (inferred),market-access,,Ministry of New and Renewable Energy,Shri Shripad Yesso Naik,Minister of State,Ministry of New and Renewable Energy,,mos-mnre@gov.in
ALMM,MNRE,central,open (inferred),market-access,,Ministry of New and Renewable Energy,Shri Pralhad Joshi,Minister,Ministry of New and Renewable Energy,,minister.mnre@gov.in
ALMM,MNRE,central,open (inferred),market-access,,Ministry of New and Renewable Energy,Shri Santosh Kumar Sarangi,Secretary,Ministry of New and Renewable Energy,20849010,secy-mnre@nic.in
EBP instruments,MoPNG,central,open (inferred),price-support + subvention,,,,,,,
Gasification 2026 scheme,Ministry of Coal,central,open (inferred),VGF-style,,Ministry of Coal,Shri Satish Chandra Dubey,Minister of State,Ministry of Coal,"20903147, 20903148",
Gasification 2026 scheme,Ministry of Coal,central,open (inferred),VGF-style,,Ministry of Coal,Shri G. Kishan Reddy,Minister,Ministry of Coal,"26773670, 26773672",
Gasification 2026 scheme,Ministry of Coal,central,open (inferred),VGF-style,,Ministry of Coal,Shri Vikram Dev Dutt,Secretary,Ministry of Coal,"20903121, 20903131",secy.moc@nic.in
Flagging subsidy (2021),MoPSW,central,open (inferred),tender subsidy,,,,,,,
NBS,Dept of Fertilizers,central,open (inferred),per-nutrient subsidy to companies,,Ministry of Chemicals and Fertilizers,Smt. Anupriya Patel,Minister of State,Ministry of Chemicals and Fertilizers,"23381768, 23383686",mos-cf@gov.in
NBS,Dept of Fertilizers,central,open (inferred),per-nutrient subsidy to companies,,Ministry of Chemicals and Fertilizers,Shri Jagat Prakash Nadda,Minister,Ministry of Chemicals and Fertilizers,"24014850, 24014781",min-cnf@gov.in
ZED certification,Ministry of MSME,central,open (inferred),certification subsidy,,Ministry of Steel,Shri Bhupathi Raju Srinivasa Varma,Minister of State,Ministry of Steel,"23063810, 24102703",mos-steel@gov.in
ZED certification,Ministry of MSME,central,open (inferred),certification subsidy,,Ministry of Steel,Shri H. D. Kumaraswamy,Minister,Ministry of Steel,26111395,minister.steel@nic.in
ZED certification,Ministry of MSME,central,open (inferred),certification subsidy,,Ministry of Steel,Shri Sandeep Poundrik,Secretary,Ministry of Steel,"23063489, 24673912",secy-steel@nic.in
AHIDF,FAHD (Fisheries/AHD),central,open (inferred),3% interest subvention + credit guarantee,,,,,,,
NLM entrepreneurship,FAHD (Fisheries/AHD),central,open (inferred),50% capital subsidy,,,,,,,
