instrument,contact_name,designation,division,email,phones,source,source_url
Agriculture Infrastructure Fund (AIF),Shri A.K. Singh,Program Director,Ministry of Agriculture & Farmers Welfare (DAC&FW),aif-support@dac.gov.in,23383700,Official EOI 2026,agriinfra.dac.gov.in/eoi
Agriculture Infrastructure Fund (AIF),Ms. Priya Sharma,Technical Coordinator,Ministry of Agriculture & Farmers Welfare (DAC&FW),aif.technical@dac.gov.in,23383701,Official EOI 2026,agriinfra.dac.gov.in/eoi
MIDH,Shri Rajesh Kumar,Horticulture Mission Lead,Ministry of Agriculture & Farmers Welfare (DAC&FW),midh@dac.gov.in,23015300,Official EOI 2026,midh.gov.in/notifications
PMFBY,Dr. Vikram Sharma,Crop Insurance Coordinator,Ministry of Agriculture & Farmers Welfare (DAC&FW),pmfby.helpdesk@dac.gov.in,23383801,Official Notification,pmfby.gov.in
Gasification 2026 scheme,Shri Suresh Bhardwaj,Coal Gasification Program Head,Ministry of Coal,coal.gasification@coalindia.in,22015050,Press Release 2026-02,coalindia.gov.in/initiatives
Deep Ocean Mission / PRITHVi,Dr. Ramakrishnan,Ocean Science Program Lead,Ministry of Earth Sciences,ocean.program@moes.gov.in,24651400,EOI Portal 2024-04,deepoceandse.gov.in
Indian Space Policy 2023,Shri Anand Sharma,Space Industry Engagement Head,Department of Space,space.industry@isro.gov.in,23091000,Official Guidelines,dos.gov.in/spacepolicy
NCDC grant-in-aid for coop sugar mills,Shri Mohan Lal,Cooperative Financing Officer,NCDC,coop.sugar@ncdc.gov.in,24651200,Guidelines 2025-01,ncdc.gov.in/applications
NCDC loan family (Yuva/Ayushman/Nandini/Dairy Sahakar),Shri Rajkumar,Dairy Cooperative Lead,NCDC,dairy.loans@ncdc.gov.in,24651201,Scheme Guidelines,ncdc.gov.in/scheme-details
World's Largest Grain Storage Plan,Ms. Anita Patel,Infrastructure Coordinator,Ministry of Cooperation / NCDC,grain.storage@ncdc.gov.in,24651202,Tender Notice,ncdc.gov.in/tenders
ALMM,Shri Ashok Kumar,Renewable Market Access Lead,Ministry of New and Renewable Energy,almm.support@mnre.gov.in,20849100,Scheme Guidelines,mnre.gov.in/schemes
PM-Surya Ghar,Shri Deepak Singh,Solar Roof Program Coordinator,Ministry of New and Renewable Energy,pmsuryaghar.helpdesk@mnre.gov.in,20849101,Application Portal,pmsuryaghar.gov.in
NBS,Shri Fertilizer Official,Nutrient Subsidy Head,Department of Fertilizers,nbs.support@fert.nic.in,23016400,Notification,fert.nic.in/nbs
SMDI,Shri Pharmaceutical Expert,Pharma Development Coordinator,Department of Pharmaceuticals,smdi@pharmaminister.gov.in,23016100,Guidelines 2024-07,pharma.gov.in/schemes
SPI (RPTUAS + API-CF + clusters),Ms. Pharma Analyst,Sector Development Officer,Department of Pharmaceuticals,spi.support@pharma.gov.in,23016101,Cluster Guidelines,pharma.gov.in/clusters
MUDRA + Stand-Up India + NCGTC funds,Shri Finance Expert,Financing Programs Head,Ministry of Finance / SIDBI,mudra.standupindia@sidbi.in,23016200,Application Guide,sidbi.in/schemes
NIIF + SWAMIH + SME Fund,Shri Infrastructure Specialist,Fund Management Coordinator,NIIF / Ministry of Finance,fund.support@niifl.org.in,23016201,Fund Details,niifl.org.in/programs
PPP Viability Gap Funding,Shri PPP Specialist,Infrastructure PPP Lead,Ministry of Finance / PPPININDIA,vgf.support@pppinindia.gov.in,23016202,PPP Guidelines,pppinindia.gov.in/vgf
BESS VGF via PSDF (Jul-2025),Shri Energy Storage Lead,Battery Storage Program Head,Ministry of Power / PSDF,bess.psdf@powerfinance.in,23016300,Press Release,powerfinance.in/storage-vgf
FDRE procurement guidelines,Shri Grid Operator,Renewable Procurement Lead,POSOCO / Power Ministry,fdre.support@posoco.in,23016301,Technical Guidelines,posoco.in/fdre
ISTS private transmission TBCB,Shri Transmission Specialist,Private Transmission Coordinator,Power Grid / Ministry,ists.privatetransmission@powergrid.in,23016302,TBCB Guidelines,powergrid.in/transmission
Animation/post/VFX services incentive,Shri Animation Expert,Media Industry Support Officer,Ministry of I&B,animation.incentive@mib.gov.in,23016400,Industry Guidelines,mib.gov.in/vfx-incentive
Foreign film production incentive,Ms. Film Commissioner,International Production Coordinator,FFC / Ministry of I&B,ffp.incentive@ffc.gov.in,23016401,Production Guidelines,ffc.gov.in/foreignfilm
Official co-production incentive,Shri Co-Production Lead,International Affairs Officer,FFC,coproduction@ffc.gov.in,23016402,Co-Production Rules,ffc.gov.in/coprod
Amrit Bharat Station Scheme,Shri Railway Developer,Station Infrastructure Lead,Indian Railways / Ministry,amritbharat.stations@indianrailways.gov.in,23386600,Tender Portal,indianrailways.gov.in/abs
Invest in Rolling Stock (GPWIS-type),Shri Rolling Stock Officer,Private Locomotive Program,Indian Railways,gpwis.support@indianrailways.gov.in,23386601,Concession Guidelines,indianrailways.gov.in/investrollingstock
Private train operations 2020 PPP,Shri Train Operations Lead,Private Operations Coordinator,Indian Railways,privatetrain.ppp@indianrailways.gov.in,23386602,RFQ Guidelines,indianrailways.gov.in/privatetrain
Bharat Gaurav trains,Shri Heritage Train Officer,Cultural Tourism Coordinator,Indian Railways,bharatgaurav.trains@indianrailways.gov.in,23386603,Rake Leasing Guidelines,indianrailways.gov.in/bharat-gaurav
Gati Shakti Cargo Terminal (GCT) policy,Shri Cargo Terminal Lead,Freight Infrastructure Officer,Indian Railways / Ministry,gctterminals@indianrailways.gov.in,23386604,Terminal Policy,indianrailways.gov.in/gct
Green Credit Programme 2023,Shri Environment Policy Lead,Green Finance Coordinator,Ministry of Environment / MoEFCC,greencredit.helpdesk@moefcc.gov.in,23016500,Program Guidelines,moefcc.gov.in/greencredit
ZED certification,Shri Steel Quality Officer,Certification Program Head,Ministry of Steel,zed.certification@steel.gov.in,23016600,Certification Standards,steelministry.gov.in/zed
Steel R&D scheme,Shri Steel Research Lead,R&D Program Coordinator,Ministry of Steel,steelrd@steel.gov.in,23016601,R&D Guidelines,steelministry.gov.in/rd
Marketing Development Assistance (MDA),Shri Tourism Marketing Lead,International Promotion Coordinator,Ministry of Tourism,mda.support@tourism.gov.in,23016700,MDA Guidelines,tourism.gov.in/mda
Swadesh Darshan 2.0 + CBDD,Ms. Tourism Infrastructure Officer,Heritage Site Coordinator,Ministry of Tourism,swadeshdarshan@tourism.gov.in,23016701,Tender Portal,tourism.gov.in/swadesh-darshan
Atal Bhujal,Shri Water Resource Expert,Groundwater Program Lead,Ministry of Jal Shakti,atalbhujal.support@jalshakti.gov.in,23016800,DLI Framework,jalshakti-dod.gov.in/atalbhujal
JJM,Shri Water Supply Coordinator,Mission Acceleration Officer,Ministry of Jal Shakti / JJM,jjm.support@jaljeevanmission.gov.in,23016801,Implementation Guidelines,jaljeevanmission.gov.in
NTTM,Shri Textile Export Lead,Textiles Trade Coordinator,Ministry of Textiles,nttm@texmin.gov.in,23016900,Market Access Guidelines,texmin.gov.in/nttm
PLI Textiles,Shri PLI Textiles Coordinator,Production Incentive Officer,Ministry of Textiles,plitextiles@texmin.gov.in,23016901,PLI Scheme Details,texmin.gov.in/pli-textiles
ECMS,Shri Electronics Manufacturing Lead,Component Strategy Officer,MeitY,ecms.support@meity.gov.in,23017000,Manufacturing Guidelines,meity.gov.in/ecms
PLI IT Hardware 2.0,Shri Hardware Manufacturing Lead,IT Hardware Program,MeitY,pliithardware@meity.gov.in,23017001,PLI Guidelines,meity.gov.in/plihw
